video_file	readme_date	banner_date	hijri_date	arabic_title	old_description	new_description	date_match	notes
2026-06-17_force_position_kfar_tebnit_mmirleb_17590.mp4	2026-06-17	2026-06-17	02 محرم 1448	استهداف تموضع قُوّة مُتسلّلة تابعة لجيش العدوّ الإسرائيلي في أطراف بلدة كفرتبنيت جنوب لبنان بِمُحلّقة أبابيل الانقضاضيّة	force position kfar tebnit	Infiltrating Israeli army force position, outskirts of Kfar Tebnit (Ababil dive drone)	yes	was missing "infiltrating force" nuance
2026-06-14_engineering_vehicle_arnoun_ababil_drone.mp4	2026-06-14	2026-06-14	28 ذو الحجة 1447	استهداف آليّة هندسيّة تابعة لجيش العدوّ الإسرائيلي في أطراف بلدة أرنون جنوب لبنان بِمُحلّقة أبابيل الانقضاضيّة	Engineering vehicle arnoun ababil drone	Israeli army engineering vehicle, outskirts of Arnoun (Ababil dive drone)	yes	accurate
2026-06-13_command_center_beaufort_castle_mmirleb_17580.mp4	2026-06-13	2026-06-13	27 ذو الحجة 1447	استهداف مركز قيادي مُستحدث تابع لجيش العدوّ الإسرائيلي في محيط قلعة الشقيف جنوب لبنان بِمُحلّقة أبابيل الانقضاضيّة	command center beaufort castle	Newly established Israeli army command center, vicinity of Beaufort Castle (Ababil dive drone)	yes	added "newly established"
2026-06-13_namer_vehicle_hamammas_hill_khiam_mmirleb_17586.mp4	2026-06-13	2026-06-13	27 ذو الحجة 1447	استهداف ناقلة جند "نميرا" تابعة لجيش العدوّ الإسرائيلي في موقع مرتفع الحمامص المُستحدث مقابل بلدة الخيام جنوبيّ لبنان بمحلّقة أبابيل الإنقضاضيّة	namer vehicle hamammas hill khiam	"Namera" troop carrier, newly established Hamamis Hill site opposite Khiam (Ababil dive drone)	yes	banner says Namera troop carrier
2026-06-13_excavator_majdal_zoun.mp4	2026-06-13	2026-06-13	27 ذو الحجة 1447	استهداف آليّة هندسيّة تابعة لجيش العدوّ الإسرائيلي في أطراف بلدة مجدل زون جنوب لبنان بِمُحلّقة أبابيل الانقضاضيّة	Excavator majdal zoun	Israeli army engineering vehicle, outskirts of Majdal Zoun (Ababil dive drone)	yes	banner says engineering vehicle, not excavator
2026-06-13_logistics_position_bayyadah_mmirleb_17434.mp4	2026-06-13	2026-06-13	27 ذو الحجة 1447	استهداف نقطة لوجستيّة تابعة لجيش العدوّ الإسرائيلي في بلدة البيّاضة جنوب لبنان بِمُحلّقة أبابيل الانقضاضيّة	logistics position bayyadah	Israeli army logistics point, al-Bayyada (Ababil dive drone)	yes	accurate
2026-06-12_merkava_tank_yahmor_al_shqif.mp4	2026-06-12	2026-06-12	26 ذو الحجة 1447	استهداف دبّابة ميركافا تابعة لجيش العدوّ الإسرائيلي في الأطراف الشرقيّة لبلدة يُحمر الشقيف جنوب لبنان بِمُحلّقة أبابيل الانقضاضيّة	Merkava tank yahmor al shqif	Merkava tank, eastern outskirts of Yohmor al-Shaqif (Ababil dive drone)	yes	adds eastern outskirts
2026-06-12_d9_armored_bulldozer_tayr_harfa_ababil_drone.mp4	2026-06-12	2026-06-12	26 ذو الحجة 1447	استهداف جرّافة دي 9 تابعة لجيش العدوّ الإسرائيلي في بلدة طيرحرفا جنوب لبنان بِمُحلّقة أبابيل الانقضاضيّة	D9 armored bulldozer tayr harfa ababil drone	D9 bulldozer, Tayr Harfa (Ababil dive drone)	yes	accurate
2026-06-12_merkava_tank_beaufort_castle_mmirleb_17595.mp4	2026-06-12	2026-06-12	26 ذو الحجة 1447	استهداف دبّابة ميركافا تابعة لجيش العدوّ الإسرائيلي في محيط قلعة الشقيف جنوب لبنان بِمُحلّقة أبابيل الانقضاضيّة	merkava tank beaufort castle	Merkava tank, vicinity of Beaufort Castle (Ababil dive drone)	yes	accurate
2026-06-11_d9_engineering_vehicle_beaufort_castle_mmirleb_17598.mp4	2026-06-11	2026-06-11	25 ذو الحجة 1447	استهداف آليّة هندسيّة (D9) تابعة لجيش العدوّ الإسرائيلي في محيط قلعة الشقيف جنوبيّ لبنان بمحلّقة أبابيل الإنقضاضيّة	d9 engineering vehicle beaufort castle	D9 engineering vehicle, vicinity of Beaufort Castle (Ababil dive drone)	yes	accurate
2026-06-11_israeli_soldiers_adaissah_mmirleb_17602.mp4	2026-06-11	2026-06-11	25 ذو الحجة 1447	استهداف جنود جيش العدوّ الإسرائيلي في بلدة العديسة جنوب لبنان بِمُحلّقة أبابيل الانقضاضيّة	israeli soldiers adaissah	Israeli army soldiers, Adaisseh (Ababil dive drone)	yes	accurate
2026-06-11_merkava_tank_tayr_harfa_ababil_drone.mp4	2026-06-11	2026-06-11	25 ذو الحجة 1447	استهداف دبّابة ميركافا تابعة لجيش العدوّ الإسرائيلي في بلدة طيرحرفا جنوب لبنان بِمُحلّقة أبابيل الانقضاضيّة	Merkava tank tayr harfa ababil drone	Merkava tank, Tayr Harfa (Ababil dive drone)	yes	accurate
2026-06-10_merkava_tank_beaufort_castle.mp4	2026-06-10	2026-06-10	24 ذو الحجة 1447	استهداف دبّابة ميركافا تابعة لجيش العدوّ الإسرائيلي في مُحيط قلعة الشقيف جنوب لبنان بِمُحلّقة أبابيل الانقضاضيّة	Merkava tank beaufort castle	Merkava tank, vicinity of Beaufort Castle (Ababil dive drone)	yes	accurate
2026-06-10_humvee_yahmar_al_shaqif.mp4	2026-06-10	2026-06-10	24 ذو الحجة 1447	استهداف هامر عسكري تابعة لجيش العدوّ الإسرائيلي في الأطراف الشرقيّة لبلدة يُحمر الشقيف جنوب لبنان بِمُحلّقة أبابيل الانقضاضيّة	Humvee yahmar al shaqif	Military Hummer, eastern outskirts of Yohmor al-Shaqif (Ababil dive drone)	yes	accurate
2026-06-09_namer_apc_metula_southern_outskirts_khiam.mp4	2026-06-09	2026-06-09	23 ذو الحجة 1447	استهداف آليّة نميرا تابعة لجيش العدوّ الإسرائيلي في مدينة الخِيام جنوب لبنان بِمُحلّقة أبابيل الانقضاضيّة	Namer apc metula southern outskirts khiam	"Namera" vehicle, city of Khiam (Ababil dive drone)	yes	banner says city of Khiam; no Metula mention
2026-06-08_strike_on_enemy_vehicles_near_yahmor_al_shqif.mp4	2026-06-08	2026-06-08	22 ذو الحجة 1447	استهداف آليّات تابعة لجيش العدوّ الإسرائيلي في أطراف بلدة يحمر الشقيف جنوب لبنان بِمُحلّقات أبابيل الانقضاضيّة	Strike on enemy vehicles near yahmor al shqif	Israeli army vehicles, outskirts of Yohmor al-Shaqif (Ababil dive drones)	yes	plural drones
2026-06-08_command_and_control_vehicle_beaufort_castle.mp4	2026-06-08	2026-06-08	22 ذو الحجة 1447	استهداف آليّة قيادة وسيطرة تابعة لجيش العدوّ الإسرائيلي في أطراف بلدة يحمر الشقيف جنوب لبنان بِمُحلّقة أبابيل الانقضاضيّة	Command and control vehicle beaufort castle	Command-and-control vehicle, outskirts of Yohmor al-Shaqif (Ababil dive drone)	yes	LOCATION FIX: banner says Yohmor al-Shaqif, not Beaufort Castle
2026-06-07_merkava_tank_beaufort_castle.mp4	2026-06-07	2026-06-07	21 ذو الحجة 1447	استهداف دبّابة ميركافا تابعة لجيش العدوّ الإسرائيلي في محيط قلعة الشقيف جنوب لبنان بِمُحلّقة أبابيل الانقضاضيّة	Merkava tank beaufort castle	Merkava tank, vicinity of Beaufort Castle (Ababil dive drone)	yes	accurate
2026-06-07_command_namer_vehicle_yahmor_al_shqif.mp4	2026-06-07	2026-06-07	21 ذو الحجة 1447	استهداف آليّة نميرا قياديّة تابعة لجيش العدوّ الإسرائيلي في أطراف بلدة يحمر الشقيف جنوب لبنان بِمُحلّقة أبابيل الانقضاضيّة	Command namer vehicle yahmor al shqif	Command "Namera" vehicle, outskirts of Yohmor al-Shaqif (Ababil dive drone)	yes	accurate
2026-06-06_sholef_howitzer_adaissah.mp4	2026-06-06	2026-06-06	20 ذو الحجة 1447	استهداف آليّة مدفعيّة تابعة لجيش العدوّ الإسرائيلي في بلدة العديسة جنوب لبنان بِمُحلّقة أبابيل الانقضاضيّة	Sholef howitzer adaissah	Artillery vehicle, Adaisseh (Ababil dive drone)	yes	banner says artillery vehicle; no Sholef mention
2026-06-06_merkava_tank_blat_position.mp4	2026-06-06	2026-06-06	20 ذو الحجة 1447	استهداف دبّابة ميركافا تابعة لجيش العدوّ الإسرائيلي في موقع بلاط المستحدث جنوب لبنان بمُحلّقة أبابيل الانقضاضيّة	Merkava tank blat position	Merkava tank, newly established Blat site (Ababil dive drone)	yes	accurate
2026-06-06_artillery_vehicle_adaissah_mmirleb_17504.mp4	2026-06-06	2026-06-06	20 ذو الحجة 1447	استهداف آليّة مدفعيّة تابعة لجيش العدوّ الإسرائيلي في بلدة العديسة جنوب لبنان بِمُحلّقة أبابيل الانقضاضيّة	artillery vehicle adaissah	Artillery vehicle, Adaisseh (Ababil dive drone)	yes	accurate
2026-06-05_humvee_near_khiam.mp4	2026-06-05	2026-06-05	19 ذو الحجة 1447	استهداف آليّة هامفي تقلُّ جنود جيش العدوّ الإسرائيلي في مدينة الخيام جنوبيّ لبنان بمحلّقة أبابيل الإنقضاضيّة	Humvee near khiam	Humvee carrying Israeli army soldiers, city of Khiam (Ababil dive drone)	yes	adds "carrying soldiers"; in the city, not near
2026-06-05_soldiers_khiam_mmirleb_17315.mp4	2026-06-05	2026-06-05	19 ذو الحجة 1447	استهداف جنود جيش العدوّ الإسرائيلي في مدينة الخيام بمحلّقة أبابيل الانقضاضيّة	soldiers khiam	Israeli army soldiers, city of Khiam (Ababil dive drone)	yes	accurate
2026-06-05_merkava_tank_beaufort_castle_mmirleb_17447.mp4	2026-06-05	2026-06-05	19 ذو الحجة 1447	استهداف دبّابة ميركافا تابعة لجيش العدوّ الإسرائيلي في محيط قلعة الشقيف جنوبيّ لبنان بمحلّقة أبابيل الإنقضاضيّة	merkava tank beaufort castle	Merkava tank, vicinity of Beaufort Castle (Ababil dive drone)	yes	accurate
2026-06-04_merkava_tank_beaufort_castle_02.mp4	2026-06-04	2026-06-04	18 ذو الحجة 1447	استهداف دبّابة ميركافا تابعة لجيش العدوّ الإسرائيلي في محيط قلعة الشقيف جنوب لبنان بِمُحلّقة أبابيل الانقضاضيّة	Merkava tank beaufort castle 02	Merkava tank, vicinity of Beaufort Castle (Ababil dive drone)	yes	accurate
2026-06-04_merkava_tank_beaufort_castle.mp4	2026-06-04	2026-06-04	18 ذو الحجة 1447	استهداف دبّابة ميركافا تابعة لجيش العدوّ الإسرائيلي في محيط قلعة الشقيف جنوب لبنان بِمُحلّقة أبابيل الانقضاضيّة	Merkava tank beaufort castle	Merkava tank, vicinity of Beaufort Castle (Ababil dive drone)	yes	accurate
2026-06-03_merkava_tank_zawtar_al_sharqiyah.mp4	2026-06-03	2026-06-03	17 ذو الحجة 1447	استهداف دبّابة ميركافا تابعة لجيش العدوّ الإسرائيلي في الأطراف الجنوبيّة لبلدة زوطر الشرقيّة جنوب لبنان بِمُحلّقة أبابيل الانقضاضيّة	Merkava tank zawtar al sharqiyah	Merkava tank, southern outskirts of Zawtar al-Sharqiyah (Ababil dive drone)	yes	adds southern outskirts
2026-06-03_personnel_carrier_zawtar_al_sharqiyah_mmirleb_17492.mp4	2026-06-03	2026-06-03	17 ذو الحجة 1447	استهداف ناقلة جُند تابعة لجيش العدوّ الإسرائيلي في الأطراف الجنوبيّة لبلدة زوطر الشرقيّة جنوب لبنان بِمُحلّقة أبابيل الانقضاضيّة	personnel carrier zawtar al sharqiyah mmirleb 17494	Troop carrier, southern outskirts of Zawtar al-Sharqiyah (Ababil dive drone)	yes	accurate
2026-06-03_personnel_carrier_zawtar_al_sharqiyah_mmirleb_17521.mp4	2026-06-03	2026-06-03	17 ذو الحجة 1447	استهداف ناقلة جُند تابعة لجيش العدوّ الإسرائيلي في الأطراف الجنوبيّة لبلدة زوطر الشرقيّة جنوب لبنان بِمُحلّقة أبابيل الانقضاضيّة	personnel carrier zawtar al sharqiyah mmirleb 17523	Troop carrier, southern outskirts of Zawtar al-Sharqiyah (Ababil dive drone)	yes	same banner text as 17492
2026-06-03_m113_apc_beaufort_castle.mp4	2026-06-03	2026-06-03	17 ذو الحجة 1447	استهداف ناقلة جُند تابعة لجيش العدوّ الإسرائيلي في محيط قلعة الشقيف جنوب لبنان بِمُحلّقة أبابيل الانقضاضيّة	M113 apc beaufort castle	Troop carrier, vicinity of Beaufort Castle (Ababil dive drone)	yes	banner says troop carrier; no M113 mention
2026-06-03_humvee_zawtar_al_sharqiyah.mp4	2026-06-03	2026-06-03	17 ذو الحجة 1447	استهداف هامر عسكري تابع لجيش العدوّ الإسرائيلي في الأطراف الجنوبيّة لبلدة زوطر الشرقيّة جنوب لبنان بِمُحلّقة أبابيل الانقضاضيّة	Humvee zawtar al sharqiyah	Military Hummer, southern outskirts of Zawtar al-Sharqiyah (Ababil dive drone)	yes	accurate
2026-06-02_targeting_israeli_soldiers_eastern_outskirts_zawtar_al_sharqiyah.mp4	2026-06-02	2026-06-02	16 ذو الحجة 1447	استهداف جُنود تابعين لجيش العدوّ الإسرائيلي في الأطراف الشرقيّة لبلدة زوطر الشرقيّة جنوب لبنان بِمُحلّقة أبابيل الانقضاضيّة	Targeting israeli soldiers eastern outskirts zawtar al sharqiyah	Israeli army soldiers, eastern outskirts of Zawtar al-Sharqiyah (Ababil dive drone)	yes	accurate
2026-06-02_soldiers_and_namer_vehicle_near_yahmor_al_shqif.mp4	2026-06-02	2026-06-02	16 ذو الحجة 1447	استهداف تجمّع لجنود جيش العدوّ الإسرائيلي وآليّة نميرا في الأطراف الجنوبيّة لبلدة زوطر الشرقيّة جنوب لبنان بِمُحلّقات أبابيل الانقضاضيّة	Soldiers and namer vehicle near yahmor al shqif	Soldier gathering + "Namera" vehicle, southern outskirts of Zawtar al-Sharqiyah (Ababil dive drones)	yes	LOCATION FIX: banner says Zawtar al-Sharqiyah, not Yahmor al-Shqif
2026-06-02_namer_vehicle_near_yahmor_al_shqif.mp4	2026-06-02	2026-06-02	16 ذو الحجة 1447	استهداف آليّة نميرا تابعة لجيش العدوّ الإسرائيلي في الأطراف الجنوبيّة لبلدة يحمر الشقيف جنوب لبنان بِمُحلّقة أبابيل الانقضاضيّة	Namer vehicle near yahmor al shqif	"Namera" vehicle, southern outskirts of Yohmor al-Shaqif (Ababil dive drone)	yes	accurate
2026-06-02_merkava_tank_near_yahmor_al_shqif.mp4	2026-06-02	2026-06-02	16 ذو الحجة 1447	استهداف دبّابة ميركافا تابعة لجيش العدوّ الإسرائيلي في الأطراف الجنوبيّة لبلدة زوطر الشرقيّة جنوب لبنان بِمُحلّقة أبابيل الانقضاضيّة	Merkava tank near yahmor al shqif	Merkava tank, southern outskirts of Zawtar al-Sharqiyah (Ababil dive drone)	yes	LOCATION FIX: banner says Zawtar al-Sharqiyah, not Yahmor al-Shqif
2026-06-01_soldiers_near_yahmor_al_shqif.mp4	2026-06-01	2026-06-01	15 ذو الحجة 1447	استهداف تجمّع لجنود جيش العدوّ الإسرائيلي على الأطراف الجنوبيّة لبلدة يحمر الشقيف بمحلّقة أبابيل الانقضاضيّة	Soldiers near yahmor al shqif	Israeli army soldier gathering, southern outskirts of Yohmor al-Shaqif (Ababil dive drone)	yes	accurate
2026-06-01_merkava_tank_near_yahmor_al_shqif.mp4	2026-06-01	2026-06-01	15 ذو الحجة 1447	استهداف دبّابة ميركافا تابعة لجيش العدوّ الإسرائيلي في الأطراف الجنوبيّة لبلدة يحمر الشقيف جنوب لبنان بمحلّقة أبابيل الانقضاضيّة	Merkava tank near yahmor al shqif	Merkava tank, southern outskirts of Yohmor al-Shaqif (Ababil dive drone)	yes	accurate
2026-05-31_soldiers_gathering_near_border_site.mp4	2026-05-31	2026-05-31	14 ذو الحجة 1447	استهداف تجمّع لجنود جيش العدوّ الإسرائيلي في محيط قلعة الشقيف بمحلّقة أبابيل الانقضاضيّة	Soldiers gathering near border site	Israeli army soldier gathering, vicinity of Beaufort Castle (Ababil dive drone)	yes	banner names Beaufort Castle, not generic border site
2026-05-31_namer_vehicle_and_apc_in_dibel.mp4	2026-05-31	2026-05-31	14 ذو الحجة 1447	استهداف آليّة نميرا وناقلة جُند تابعة لجيش العدوّ الإسرائيلي في بلدة دبل جنوب لبنان بِمُحلّقة أبابيل الانقضاضيّة	Namer vehicle and apc in dibel	"Namera" vehicle and troop carrier, Dibel (Ababil dive drone)	yes	accurate
2026-05-31_humvee_vehicle_at_al_assi.mp4	2026-05-31	2026-05-31	14 ذو الحجة 1447	استهداف نقطة تموضع جنود وآليّة "هامفي" تابعة لجيش العدوّ الإسرائيلي في محيط قلعة الشقيف بمحلّقتَي أبابيل الانقضاضيّة	Humvee vehicle at al assi	Soldiers' position and "Humvee" vehicle, vicinity of Beaufort Castle (two Ababil dive drones)	yes	LOCATION FIX: banner says Beaufort Castle, not al-Assi / Mays al-Jabal
2026-05-30_merkava_tank_in_border_area.mp4	2026-05-30	2026-05-30	13 ذو الحجة 1447	استهداف دبّابة ميركافا تابعة لجيش العدوّ الإسرائيلي في محيط قلعة شقيف جنوب لبنان بِمُحلّقة أبابيل الانقضاضيّة	Merkava tank beaufort castle	Merkava tank, vicinity of Beaufort Castle (Ababil dive drone)	yes	confirms Beaufort Castle
2026-05-30_technical_equipment_rashaf_mmirleb_17060.mp4	2026-05-30	2026-05-30	13 ذو الحجة 1447	استهداف تجهيزات فنيّة تابعة لجيش العدوّ الإسرائيلي في بلدة رشاف جنوب لبنان بِمُحلّقة أبابيل الانقضاضيّة	technical equipment rashaf	Israeli army technical equipment, Rashaf (Ababil dive drone)	yes	accurate
2026-05-29_soldier_at_misgav_am.mp4	2026-05-29	2026-05-29	12 ذو الحجة 1447	استهداف جُندي تابع لجيش العدوّ الإسرائيلي في موقع مسغاف عام شمال فلسطين المُحتلّة بِمُحلّقة أبابيل الانقضاضيّة	Soldier at misgav am	Israeli army soldier, Misgav Am site (Ababil dive drone)	yes	banner locates it in "northern occupied Palestine"
2026-05-29_namer_apc_in_ainata.mp4	2026-05-29	2026-05-29	12 ذو الحجة 1447	استهداف ناقلة جُند تابعة لجيش العدوّ الإسرائيلي في بلدة عيناتا جنوب لبنان بِمُحلّقة أبابيل الانقضاضيّة	Namer apc in ainata	Troop carrier, Ainata (Ababil dive drone)	yes	banner says troop carrier; no Namer mention
2026-05-28_iron_dome_launcher_vehicle_khiam_mmirleb_16993.mp4	2026-05-28	2026-05-28	11 ذو الحجة 1447	استهداف آليّة لِناشر قبّة حديديّة تابعة لجيش العدوّ الإسرائيلي في مدينة الخِيام جنوب لبنان بِمُحلّقة أبابيل الانقضاضيّة	iron dome launcher vehicle khiam	Iron Dome launcher vehicle, city of Khiam (Ababil dive drone)	yes	accurate
2026-05-28_merkava_tank_zawtar_al_sharqiyah_mmirleb_17154.mp4	2026-05-28	2026-05-28	11 ذو الحجة 1447	استهداف دبّابة ميركافا تابعة لجيش العدوّ الإسرائيلي على الأطراف الجنوبيّة لبلدة زوطر الشرقيّة جنوبيّ لبنان بمحلّقة أبابيل الإنقضاضيّة	merkava tank zawtar al sharqiyah	Merkava tank, southern outskirts of Zawtar al-Sharqiyah (Ababil dive drone)	yes	accurate
2026-05-27_merkava_tank_on_military_route.mp4	2026-05-27	2026-05-27	10 ذو الحجة 1447	استهداف دبّابة ميركافا تابعة لجيش العدوّ الإسرائيلي على الأطراف الجنوبيّة لبلدة زوطر الشرقيّة بمحلّقة أبابيل الانقضاضيّة	Merkava tank on military route	Merkava tank, southern outskirts of Zawtar al-Sharqiyah (Ababil dive drone)	yes	banner has no "military route"; names Zawtar al-Sharqiyah
2026-05-27_iron_technical_platform_at_jal_al_alam.mp4	2026-05-27	2026-05-27	10 ذو الحجة 1447	استهداف منصّة قبّة حديديّة تابعة لجيش العدوّ الإسرائيلي في موقع جل العلام شمال فلسطين المحتلّة بِمُحلّقة أبابيل الانقضاضيّة	Iron technical platform at jal al alam	Iron Dome platform, Jal al-Alam site (Ababil dive drone)	yes	TRANSLATION FIX: "Iron Dome platform", not "iron technical platform"
2026-05-27_enemy_vehicle_in_northern_settlement.mp4	2026-05-27	2026-05-27	10 ذو الحجة 1447	استهداف آليّة تابعة لجيش العدوّ الإسرائيلي في معسكر غابات الجليل شمال فلسطين المحتلّة بِمُحلّقة أبابيل الانقضاضيّة	Enemy vehicle in northern settlement	Israeli army vehicle, Galilee Forests camp (Ababil dive drone)	yes	LOCATION: banner says Galilee Forests camp, northern occupied Palestine
2026-05-26_merkava_tank_in_rashaf.mp4	2026-05-26	2026-05-26	09 ذو الحجة 1447	استهداف دبّابتَي ميركافا تابعتين لجيش العدوّ الإسرائيلي في بلدة رشاف جنوب لبنان بِمُحلّقات أبابيل الانقضاضيّة	Merkava tank in rashaf	Two Merkava tanks, Rashaf (Ababil dive drones)	yes	banner says two tanks (dual)
2026-05-26_communications_equipment_at_al_assi.mp4	2026-05-26	2026-05-26	09 ذو الحجة 1447	استهداف أجهزة اتّصالات تابعة لجيش العدوّ الإسرائيلي في موقع العاصي على الحدود اللبنانيّة الجنوبيّة بِمُحلّقة أبابيل الانقضاضيّة	Communications equipment at al assi	Communications equipment, al-Assi site on the southern Lebanese border (Ababil dive drone)	yes	accurate
2026-05-26_anti_drone_platform_barashit.mp4	2026-05-26	2026-05-26	09 ذو الحجة 1447	استهداف منصّة قبّة حديديّة تابعة لجيش العدوّ الإسرائيلي في ثكنة "برانيت" على الحدود اللبنانيّة الجنوبيّة بمحلّقة أبابيل الانقضاضيّة	Anti drone platform barashit	Iron Dome platform, "Biranit" barracks on the southern Lebanese border (Ababil dive drone)	yes	MAJOR FIX: Iron Dome (not anti-drone) platform; location is Biranit barracks, not Barashit
2026-05-26_humvee_zawtar_al_sharqiyah_riverbed_mmirleb_17068.mp4	2026-05-26	2026-05-26	09 ذو الحجة 1447	استهداف آليّة هامر تابعة لجيش العدوّ الإسرائيلي عند مجرى النهر في بلدة زوطر الشرقيّة جنوب لبنان بِمُحلّقة أبابيل الانقضاضيّة	humvee zawtar al sharqiyah riverbed	Military Hummer at the riverbed, Zawtar al-Sharqiyah (Ababil dive drone)	yes	accurate
2026-05-26_d9_bulldozer_zawtar_al_sharqiyah_mmirleb_17143.mp4	2026-05-26	2026-05-26	09 ذو الحجة 1447	استهداف جرّافة دي 9 تابعة لجيش العدوّ الإسرائيلي في بلدة زوطر الشرقيّة جنوب لبنان بِمُحلّقة أبابيل الانقضاضيّة	d9 bulldozer zawtar al sharqiyah	D9 bulldozer, Zawtar al-Sharqiyah (Ababil dive drone)	yes	accurate
2026-05-25_two_israeli_army_vehicles.mp4	2026-05-25	2026-05-25	08 ذو الحجة 1447	استهداف آليّتين تابعتين لجيش العدوّ الإسرائيلي عند موقع الناقورة البحريّ على الحدود اللبنانيّة الجنوبيّة بمحلّقتَي أبابيل الانقضاضيّة	Two israeli army vehicles	Two Israeli army vehicles, Naqoura naval site on the southern Lebanese border (two Ababil dive drones)	yes	adds naval site
2026-05-25_soldiers_position_tent_hadab_al_bustan.mp4	2026-05-25	2026-05-25	08 ذو الحجة 1447	استهداف خيمة تموضع لجنود جيش العدوّ الإسرائيلي في موقع حدب البستان بِمُحلّقة أبابيل الانقضاضيّة	Soldiers position tent hadab al bustan	Soldiers' positioning tent, Hadab al-Bustan site (Ababil dive drone)	yes	accurate
2026-05-25_command_room_tayr_harfa.mp4	2026-05-25	2026-05-25	08 ذو الحجة 1447	استهداف غرفة قيادة تابعة لجيش العدوّ الإسرائيلي في ثكنة "افيفيم" على الحدود اللبنانيّة الجنوبيّة بمحلّقة أبابيل الانقضاضيّة	Command room tayr harfa	Command room, "Avivim" barracks on the southern Lebanese border (Ababil dive drone)	yes	LOCATION FIX: banner says Avivim barracks, not Tayr Harfa
2026-05-24_namer_apc_taybeh.mp4	2026-05-24	2026-05-24	07 ذو الحجة 1447	استهداف آليّة نميرا تابعة جيش العدوّ الإسرائيلي في بلدة الطيبة جنوب لبنان بِمُحلّقة أبابيل الانقضاضيّة	Namer apc taybeh	"Namera" vehicle, Taybeh (Ababil dive drone)	yes	accurate
2026-05-24_humvee_manara_mmirleb_16823.mp4	2026-05-24	2026-05-24	07 ذو الحجة 1447	استهداف آليّة هامر قياديّة تابعة لجيش العدوّ الإسرائيلي في موقع المنارة بِمُحلّقة أبابيل الانقضاضيّة	humvee manara	Command Hummer vehicle, Manara site (Ababil dive drone)	yes	adds command vehicle
2026-05-23_soldier_gathering_bayyadah.mp4	2026-05-23	2026-05-23	06 ذو الحجة 1447	استهداف تجمّع لجنود جيش العدوّ الإسرائيلي في بلدة البيّاضة جنوب لبنان بِمُحلّقة أبابيل الانقضاضيّة	Soldier Gathering Bayyadah	Israeli army soldier gathering, al-Bayyada (Ababil dive drone)	yes	accurate
2026-05-23_two_iron_dome_platforms_ramim.mp4	2026-05-23	2026-05-23	06 ذو الحجة 1447	استهداف منصّتَي قبّة حديديّة تابعتَين لجيش العدوّ الإسرائيلي في ثكنة راميم (هونين) بِمُحلّقتَي أبابيل الانقضاضيّة	Two iron dome platforms ramim	Two Iron Dome platforms, Ramim (Hounin) barracks (two Ababil dive drones)	yes	accurate; adds Hounin
2026-05-23_anti_drone_system_jardah.mp4	2026-05-23	2026-05-23	06 ذو الحجة 1447	استهداف منظومة مضادّة للمحلّقات تابعة لجيش العدوّ الإسرائيلي عند موقع الجرداح على الحدود اللبنانيّة الجنوبيّة بمحلّقة أبابيل الانقضاضيّة	Anti drone system jardah	Counter-drone system, al-Jardah site on the southern Lebanese border (Ababil dive drone)	yes	accurate
2026-05-22_soldier_manara.mp4	2026-05-22	2026-05-22	05 ذو الحجة 1447	استهداف أحد جنود جيش العدو الإسرائيلي في موقع المنارة شمال فلسطين المحتلة بِمُحلّقة أبابيل الإنقضاضيّة	Soldier manara	Israeli army soldier, Manara site (Ababil dive drone)	yes	accurate
2026-05-22_merkava_tank_markaba.mp4	2026-05-22	2026-05-22	05 ذو الحجة 1447	استهداف دبابة ميركافا لجيش العدو الإسرائيلي في بلدة مركبا جنوب لبنان بِمُحلّقة أبابيل الإنقضاضيّة	Merkava tank markaba	Merkava tank, Markaba (Ababil dive drone)	yes	accurate
2026-05-21_engineering_vehicle_khallet_al_raj_deir_siryan.mp4	2026-05-21	2026-05-21	04 ذو الحجة 1447	استهداف آليّة هندسيّة تابعة لجيش العدوّ الإسرائيلي في خلّة الراج عند أطراف بلدة دير سريان بمحلّقة انقضاضيّة	Engineering vehicle khallet al raj deir siryan	Engineering vehicle, Khallet al-Raj at the outskirts of Deir Siryan (dive drone)	yes	accurate
2026-05-20_namer_apc_hadatha.mp4	2026-05-20	2026-05-20	03 ذو الحجة 1447	استهداف آلية نميرا لجيش العدو الإسرائيلي في بلدة حداثا جنوب لبنان بِمُحلّقة أبابيل الإنقضاضيّة	Namer apc hadatha	"Namera" vehicle, Hadatha (Ababil dive drone)	yes	accurate
2026-05-20_armored_brigade_401_hq_debel.mp4	2026-05-20	2026-05-20	03 ذو الحجة 1447	استهداف المقرّ المستحدث لقيادة لواء المدرّعات 401 التابع لجيش العدوّ الإسرائيلي في بلدة دبل بسربٍ من محلّقات أبابيل الإنقضاضيّة	Armored brigade 401 hq debel	Newly established HQ of the 401st Armored Brigade, Dibel (swarm of Ababil dive drones)	yes	adds newly established + drone swarm
2026-05-19_military_vehicle_misgav_am.mp4	2026-05-19	2026-05-19	02 ذو الحجة 1447	استهداف آليّة عسكرية تابعة لجيش العدوّ الإسرائيلي في مستوطنة مسغاف عام بمحلّقة أبابيل الانقضاضيّة	Military vehicle misgav am	Military vehicle, Misgav Am settlement (Ababil dive drone)	yes	accurate
2026-05-19_iron_dome_platform_misgav_am_mmirleb_16697.mp4	2026-05-19	2026-05-19	02 ذو الحجة 1447	استهداف منصّة قبّة حديديّة تابعة لجيش العدوّ الإسرائيلي في مستوطنة مسكاف عام على الحدود اللبنانيّة الجنوبيّة بمحلّقة أبابيل الانقضاضيّة	iron dome platform misgav am	Iron Dome platform, Misgav Am settlement on the southern Lebanese border (Ababil dive drone)	yes	accurate
2026-05-19_iron_dome_platform_jal_al_alam_mmirleb_16395.mp4	2026-05-19	2026-05-19	02 ذو الحجة 1447	استهداف منصّة قبّة حديديّة لجيش العدوّ الإسرائيلي في موقع جلّ العلام بمحلّقة انقضاضيّة	iron dome platform jal al alam	Iron Dome platform, Jal al-Alam site (dive drone)	yes	accurate
2026-05-19_communications_vehicle_taybeh_mmirleb_16552.mp4	2026-05-19	2026-05-19	02 ذو الحجة 1447	استهداف آليّة اتصالات تابعة لجيش العدوّ الإسرائيلي في بلدة الطيّبة جنوبي لبنان بمحلّقة أبابيل الانقضاضيّة	communications vehicle taybeh	Communications vehicle, Taybeh (Ababil dive drone)	yes	accurate
2026-05-19_engineering_vehicle_khiam_mmirleb_16767.mp4	2026-05-19	2026-05-19	02 ذو الحجة 1447	استهداف آليّة هندسيّة تابعة لجيش العدوّ الإسرائيلي في مدينة الخيام بمحلّقة أبابيل الانقضاضيّة	engineering vehicle khiam	Engineering vehicle, city of Khiam (Ababil dive drone)	yes	accurate
2026-05-18_iron_dome_platform_shomera.mp4	2026-05-18	2026-05-18	01 ذو الحجة 1447	استهداف منصّة قبّة حديديّة لجيش العدوّ الإسرائيلي في مستوطنة شوميرا بمحلّقة انقضاضيّة	Iron dome platform shomera	Iron Dome platform, Shomera settlement (dive drone)	yes	accurate
2026-05-18_brigade_300_commander_vehicle_shomera_mmirleb_16516.mp4	2026-05-18	2026-05-18	01 ذو الحجة 1447	استهداف آليّة قائد اللواء 300 التابع لجيش العدوّ الإسرائيلي في ثكنة شوميرا في مستوطنة شوميرا شمال فلسطين المُحتلّة بِمُحلّقة أبابيل الإنقضاضيّة	brigade 300 commander vehicle shomera	Vehicle of the 300th Brigade commander, Shomera barracks (Ababil dive drone)	yes	accurate
2026-05-18_engineering_vehicle_deir_siryan_khallet_al_raj_mmirleb_16558.mp4	2026-05-18	2026-05-18	01 ذو الحجة 1447	استهداف آليّة هندسيّة تابعة لجيش العدوّ الإسرائيلي في خلّة الراج بمحلّقة أبابيل الانقضاضيّة	engineering vehicle deir siryan khallet al raj	Engineering vehicle, Khallet al-Raj (Ababil dive drone)	yes	accurate
2026-05-17_logistics_position_bayyadah_iskandarounah_mmirleb_16413.mp4	2026-05-17	2026-05-17	29 ذو القعدة 1447	استهداف تموضع لوجستي للعدو في اسكندرونة بيلدة البيّاضة جنوب لبنان بِمُحلّقة إنقضاضيّة	logistics position bayyadah iskandarounah	Enemy logistics position, Iskandarounah in al-Bayyada (dive drone)	yes	accurate
2026-05-17_military_vehicle_bayyadah_iskandarounah_mmirleb_16443.mp4	2026-05-17	2026-05-17	29 ذو القعدة 1447	استهداف آليّة باغي تابعة لجيش العدوّ الإسرائيلي في اسكندرونة في بلدة البيّاضة جنوب لبنان بِمُحلّقة إنقضاضيّة	military vehicle bayyadah iskandarounah	"Buggy" vehicle, Iskandarounah in al-Bayyada (dive drone)	yes	banner says Buggy vehicle (matches removed duplicate's title)
2026-05-16_hummer_iskandarounah_naqoura.mp4	2026-05-16	2026-05-16	28 ذو القعدة 1447	استهداف هامر عسكري تابع لجيش العدوّ الإسرائيلي في اسكندرونة في بلدة البيّاضة جنوب لبنان بِمُحلّقة إنقضاضيّة	Hummer iskandarounah bayyadah	Military Hummer, Iskandarounah in al-Bayyada (dive drone)	yes	accurate
2026-05-16_engineering_vehicle_deir_siryan_khallet_al_raj_mmirleb_16319.mp4	2026-05-16	2026-05-16	28 ذو القعدة 1447	استهداف آليّة هندسيّة تابعة لجيش العدوّ الإسرائيلي في خلّة راج في بلدة ديرسريان جنوب لبنان بِمُحلّقة انقضاضيّة	engineering vehicle deir siryan khallet al raj	Engineering vehicle, Khallet Raj in Deir Siryan (dive drone)	yes	accurate
2026-05-16_merkava_tank_bayyadah_mmirleb_16351.mp4	2026-05-16	2026-05-16	28 ذو القعدة 1447	استهداف دبّابة ميركافا تابعة لجيش العدوّ الإسرائيلي في بلدة البيّاضة جنوب لبنان بِمُحلّقة إنقضاضيّة	merkava tank bayyadah	Merkava tank, al-Bayyada (dive drone)	yes	accurate
2026-05-16_namer_vehicle_taybeh_mmirleb_16531.mp4	2026-05-16	2026-05-16	28 ذو القعدة 1447	استهداف الية نميرا التّابعة لجيش العدو الإسرائيلي في بلدة الطيّبة جنوب لبنان بِمُحلّقة أبابيل الإنقضاضيّة	namer vehicle taybeh	"Namera" vehicle, Taybeh (Ababil dive drone)	yes	accurate
2026-05-15_engineering_vehicle_khiam.mp4	2026-05-15	2026-05-15	27 ذو القعدة 1447	استهداف الية هندسيّة تابعة لجيش العدوّ الإسرائيلي في مدينة الخيام جنوب لبنان بمحلّقة إنقضاضيّة	Engineering vehicle khiam	Engineering vehicle, city of Khiam (dive drone)	yes	accurate
2026-05-15_personnel_carrier_deir_siryan_khallet_al_raj_mmirleb_16301.mp4	2026-05-15	2026-05-15	27 ذو القعدة 1447	استهداف ناقلة جند لجيش العدوّ الإسرائيلي في منطقة خلّة راج في بلدة ديرسريان جنوب لبنان بِمُحلّقة انقضاضيّة	personnel carrier deir siryan khallet al raj	Troop carrier, Khallet Raj area in Deir Siryan (dive drone)	yes	accurate
2026-05-14_strike_on_military_tanker_near_bint_jbeil.mp4	2026-05-14	2026-05-14	26 ذو القعدة 1447	استهداف صهريج عسكري لجيش العدو الإسرائيلي في مدينة بنت جبيل جنوب لبنان بِمُحلّقة أبابيل الإنقضاضيّة	Strike on military tanker near bint jbeil	Military tanker, city of Bint Jbeil (Ababil dive drone)	yes	in the city, not near
2026-05-14_merkava_tank_bint_jbeil_mmirleb_16493.mp4	2026-05-14	2026-05-14	26 ذو القعدة 1447	استهداف دبّابة ميركافا تابعة لجيش العدوّ الإسرائيلي في مدينة بنت جبيل جنوب لبنان بمحلّقة إنقضاضيّة	merkava tank bint jbeil	Merkava tank, city of Bint Jbeil (dive drone)	yes	accurate
2026-05-14_merkava_tank_aytaroun.mp4	2026-05-14	2026-05-14	26 ذو القعدة 1447	استهداف دبّابة ميركافا تابعة لجيش العدوّ الإسرائيلي في بلدة الطيبة في جنوب لبنان بمحلّقة أبابيل الانقضاضيّة	Merkava tank taybeh	Merkava tank, Taybeh (Ababil dive drone)	yes	banner confirms Taybeh; filename says aytaroun (wrong, kept for URL)
2026-05-14_wireless_communications_system_blat_mmirleb_16285.mp4	2026-05-14	2026-05-14	26 ذو القعدة 1447	استهداف منظومة اتصالات لاسلكيّة تابعة لجيش العدوّ الإسرائيلي في موقع بلاط المستحدث مقابل بلدة رامية جنوبيّ لبنان بمحلّقةٍ إنقضاضيّة	wireless communications system blat	Wireless communications system, newly established Blat site opposite Ramyah (dive drone)	yes	adds opposite Ramyah
2026-05-14_soldiers_gathering_naqoura_ras_naqoura_mmirleb_16294.mp4	2026-05-14	2026-05-14	26 ذو القعدة 1447	استهداف تجمّع لجنود جيش العدوّ الإسرائيلي في موقع رأس الناقورة العسكري جنوب لبنان بِمُحلّقة انقضاضيّة	soldiers gathering naqoura ras naqoura	Soldier gathering, Ras al-Naqoura military site (dive drone)	yes	accurate
2026-05-14_namer_vehicle_rashaf_mmirleb_16312.mp4	2026-05-14	2026-05-14	26 ذو القعدة 1447	استهداف اليّة "نميرا" تابعة لجيش العدوّ الإسرائيلي في بلدة رشاف جنوبيّ لبنان بمحلّقةٍ إنقضاضيّة	namer vehicle rashaf	"Namera" vehicle, Rashaf (dive drone)	yes	accurate
2026-05-14_humvee_tayr_harfa_mmirleb_16337.mp4	2026-05-14	2026-05-14	26 ذو القعدة 1447	استهداف هامر عسكري تابع لجيش العدوّ الإسرائيلي في بلدة طيرحرفا جنوب لبنان بِمُحلّقة انقضاضيّة	humvee tayr harfa	Military Hummer, Tayr Harfa (dive drone)	yes	accurate
2026-05-13_strike_on_merkava_tank_near_aita_al_shaab.mp4	2026-05-13	2026-05-13	25 ذو القعدة 1447	استهداف دبّابة ميركافا تابعة لجيش العدوّ الإسرائيلي في بلدة عيناثا جنوب لبنان بِمُحلّقة انقضاضيّة	Strike on merkava tank near aita al shaab	Merkava tank, Aynata (dive drone)	yes	LOCATION FIX: banner says Aynata, not Aita al-Shaab
2026-05-13_strike_on_armored_personnel_carrier.mp4	2026-05-13	2026-05-13	25 ذو القعدة 1447	استهداف ناقلة جُند مدرّعة تابعة لجيش العدوّ الإسرائيلي في مدينة بنت جبيل جنوب لبنان بمُحلّقة انقضاضيّة	Strike on armored personnel carrier	Armored troop carrier, city of Bint Jbeil (dive drone)	yes	accurate
2026-05-12_strike_on_soldiers_and_vehicles.mp4	2026-05-12	2026-05-12	24 ذو القعدة 1447	استهداف آليّات وجنود جيش العدوّ الإسرائيلي في موقع العبّاد على الحدود اللبنانيّة الجنوبيّة بسربٍ من المحلّقات الإنقضاضيّة	Strike on soldiers and vehicles	Israeli army vehicles and soldiers, al-Abbad site on the southern Lebanese border (swarm of dive drones)	yes	banner names al-Abbad site; town listed as Margaliot
2026-05-12_strike_on_namer_apc_near_houla.mp4	2026-05-12	2026-05-12	24 ذو القعدة 1447	استهداف آليّة نميرا تابعة لجيش العدوّ الإسرائيلي في بلدة حولا بِمُحلّقة انقضاضيّة	Strike on namer apc near houla	"Namera" vehicle, Houla (dive drone)	yes	accurate
2026-05-12_strike_on_humvee.mp4	2026-05-12	2026-05-12	24 ذو القعدة 1447	استهداف آليّة هامفي تابعة لجيش العدوّ الإسرائيلي على طريق الناقورة - الإسكندرون جنوب لبنان بِمُحلّقة انقضاضيّة	Strike on humvee	Humvee on the Naqoura-Iskandaroun road (dive drone)	yes	adds road detail
2026-05-12_strike_on_engineering_vehicle_near_tayr_harfa.mp4	2026-05-12	2026-05-12	24 ذو القعدة 1447	استهداف آليّة هندسيّة تابعة لجيش العدوّ الإسرائيلي في بلدة طيرحرفا بِمُحلّقة انقضاضيّة	Strike on engineering vehicle near tayr harfa	Engineering vehicle, Tayr Harfa (dive drone)	yes	accurate
2026-05-12_merkava_tank_manara_khirbet_al_manara_mmirleb_16106.mp4	2026-05-12	2026-05-12	24 ذو القعدة 1447	استهداف دبّابة ميركافا تابعة لجيش العدوّ الإسرائيلي في محيط موقع خربة المنارة على الحدود الجنوبيّة اللبنانيّة بِمُحلّقة انقضاضيّة	merkava tank manara khirbet al manara	Merkava tank, vicinity of Khirbet al-Manara site (dive drone)	yes	accurate
2026-05-12_soldier_manara_khirbet_al_manara_mmirleb_16118.mp4	2026-05-12	2026-05-12	24 ذو القعدة 1447	استهداف جندي من جيش العدوّ الإسرائيلي في محيط موقع خربة المنارة على الحدود الجنوبيّة اللبنانيّة بِمُحلّقة انقضاضيّة	soldier manara khirbet al manara	Israeli army soldier, vicinity of Khirbet al-Manara site (dive drone)	yes	accurate
2026-05-12_humvee_naqoura_naqoura_iskandarounah_road_mmirleb_16261.mp4	2026-05-12	2026-05-12	24 ذو القعدة 1447	استهداف آليّة هامفي تابعة لجيش العدوّ الإسرائيلي على طريق الناقورة - الإسكندرون جنوب لبنان بِمُحلّقة انقضاضيّة	humvee naqoura naqoura iskandarounah road	Humvee on the Naqoura-Iskandaroun road (dive drone)	yes	accurate
2026-05-11_strike_on_soldier_near_dhayra.mp4	2026-05-11	2026-05-11	23 ذو القعدة 1447	استهداف جندي من جيش العدوّ الإسرائيلي في بلدة الطيّبة جنوب لبنان بِمُحلّقة انقضاضيّة	Strike on soldier near dhayra	Israeli army soldier, Taybeh (dive drone)	yes	LOCATION FIX: banner says Taybeh, not Dhayra
2026-05-11_strike_on_logistics_vehicle_near_tayr_harfa.mp4	2026-05-11	2026-05-11	23 ذو القعدة 1447	استهداف آليّة لوجستيّة (هيمت) تابعة لجيش العدوّ الإسرائيلي في بلدة طيرحرفا جنوب لبنان بِمُحلّقة انقضاضيّة	Strike on logistics vehicle near tayr harfa	HEMTT logistics vehicle, Tayr Harfa (dive drone)	yes	adds HEMTT
2026-05-11_strike_on_engineering_vehicle_near_khiam.mp4	2026-05-11	2026-05-11	23 ذو القعدة 1447	استهداف آليّة هندسيّة تابعة لجيش العدوّ الإسرائيلي في بلدة البيّاضة جنوبيّ لبنان بمحلّقة انقضاضيّة	Strike on engineering vehicle near khiam	Engineering vehicle, al-Bayyada (dive drone)	yes	LOCATION FIX: banner says al-Bayyada, not Khiam
2026-05-11_strike_on_d9_engineering_vehicle_near_naqoura.mp4	2026-05-11	2026-05-11	23 ذو القعدة 1447	استهداف آليّة هندسيّة (D9) تابعة لجيش العدوّ الإسرائيلي على طريق بلدة الناقورة جنوبيّ لبنان بمحلّقة انقضاضيّة	Strike on d9 engineering vehicle near naqoura	D9 engineering vehicle on the Naqoura road (dive drone)	yes	accurate
2026-05-10_strike_on_merkava_tank.mp4	2026-05-10	2026-05-10	22 ذو القعدة 1447	استهداف دبّابة ميركافا لجيش العدوّ الإسرائيلي في بلدة البيّاضة جنوب لبنان بِمُحلّقة انقضاضيّة	Merkava tank bayyadah	Merkava tank, al-Bayyada (dive drone)	yes	accurate
2026-05-10_strike_on_d9_engineering_vehicle_near_deir_siryan.mp4	2026-05-10	2026-05-10	22 ذو القعدة 1447	استهداف آليّة هندسيّة (D9) تابعة لجيش العدوّ الإسرائيلي عند خلّة الراج في بلدة دير سريان جنوبيّ لبنان بمحلّقة انقضاضيّة	Strike on d9 engineering vehicle near deir siryan	D9 engineering vehicle, Khallet al-Raj in Deir Siryan (dive drone)	yes	accurate
2026-05-10_strike_on_bulldozer_near_ramiya.mp4	2026-05-10	2026-05-10	22 ذو القعدة 1447	استهداف جرّافة لجيش العدوّ الإسرائيلي في مدينة بنت جبيل جنوب لبنان بِمُحلّقة انقضاضيّة	Strike on bulldozer near ramiya	Bulldozer, city of Bint Jbeil (dive drone)	yes	LOCATION FIX: banner says Bint Jbeil, not Ramiya
2026-05-10_headquarters_bayyadah_mmirleb_16035.mp4	2026-05-10	2026-05-10	22 ذو القعدة 1447	استهداف المقر المستحدث لجيش العدوّ الإسرائيلي في بلدة البيّاضة جنوب لبنان بِمُحلّقة انقضاضيّة	headquarters bayyadah	Newly established Israeli army HQ, al-Bayyada (dive drone)	yes	accurate
2026-05-10_soldiers_position_house_tayr_harfa_mmirleb_16056.mp4	2026-05-10	2026-05-10	22 ذو القعدة 1447	استهداف منزل يتموضع فيه جنود جيش العدوّ الإسرائيلي في بلدة طيرحرفا جنوب لبنان بِمُحلّقة انقضاضيّة	soldiers position house tayr harfa	House where Israeli soldiers were positioned, Tayr Harfa (dive drone)	yes	accurate
2026-05-09_strike_on_soldiers_near_shlomi.mp4	2026-05-09	2026-05-09	21 ذو القعدة 1447	استهداف تجمّع لجنود جيش العدوّ الإسرائيلي في مهبط مروحيّات في مستوطنة شلومي شمال فلسطين المحتلّة بمحلّقة انقضاضيّة	Strike on soldiers near shlomi	Soldier gathering at a helicopter landing pad, Shlomi settlement (dive drone)	yes	adds helipad detail
2026-05-09_strike_on_soldiers_near_deir_mimas.mp4	2026-05-09	2026-05-09	21 ذو القعدة 1447	استهداف جنود من جيش العدوّ الإسرائيلي في محيط بلدة دير سريان جنوب لبنان بمحلّقة انقضاضيّة	Strike on soldiers near deir mimas	Israeli army soldiers, vicinity of Deir Siryan (dive drone)	yes	LOCATION FIX: banner says Deir Siryan, not Deir Mimas
2026-05-09_strike_on_soldiers.mp4	2026-05-09	2026-05-09	21 ذو القعدة 1447	استهداف تجمّع لجنود جيش العدوّ الإسرائيلي في موقع جلّ العلام على الحدود اللبنانيّة الفلسطينيّة بمحلّقة انقضاضيّة	Strike on soldiers	Soldier gathering, Jal al-Alam site on the Lebanese border (dive drone)	yes	LOCATION FIX: banner says Jal al-Alam site; town listed as al-Bayyada
2026-05-09_strike_on_israeli_military_vehicle.mp4	2026-05-09	2026-05-09	21 ذو القعدة 1447	استهداف آليّة عسكريّة تابعة لجيش العدوّ الإسرائيلي عند خلّة الراج في بلدة دير سريان جنوبيّ لبنان بمحلّقة انقضاضيّة	Strike on israeli military vehicle	Military vehicle, Khallet al-Raj in Deir Siryan (dive drone)	yes	accurate
2026-05-09_soldiers_gathering_shlomi_mmirleb_15970.mp4	2026-05-09	2026-05-09	21 ذو القعدة 1447	استهداف تجمّع لجنود جيش العدوّ الإسرائيلي في مهبط مروحيّات في مستوطنة شلومي شمال فلسطين المحتلّة بمحلّقة انقضاضيّة	soldiers gathering shlomi	Soldier gathering at a helicopter landing pad, Shlomi settlement (dive drone)	yes	same banner as strike_on_soldiers_near_shlomi
2026-05-09_soldiers_gathering_jal_al_alam_mmirleb_15988.mp4	2026-05-09	2026-05-09	21 ذو القعدة 1447	استهداف تجمّع لجنود جيش العدوّ الإسرائيلي في موقع جلّ العلام على الحدود اللبنانيّة الفلسطينيّة بمحلّقةٍ انقضاضيّة	soldiers gathering jal al alam	Soldier gathering, Jal al-Alam site on the Lebanese border (dive drone)	yes	same banner as strike_on_soldiers (same event)
2026-05-09_tent_deir_siryan_khallet_al_raj_mmirleb_16065.mp4	2026-05-09	2026-05-09	21 ذو القعدة 1447	استهداف خيمة مستحدثة لجيش العدوّ الإسرائيلي عند خلّة الراج في بلدة دير سريان جنوب لبنان بِمُحلّقة انقضاضيّة	tent deir siryan khallet al raj	Newly set-up army tent, Khallet al-Raj in Deir Siryan (dive drone)	yes	accurate
2026-05-09_humvee_bayyadah_mmirleb_16093.mp4	2026-05-09	2026-05-09	21 ذو القعدة 1447	استهداف آليّة هامفي إتصالات لجيش العدوّ الإسرائيلي في بلدة البيّاضة جنوب لبنان بِمُحلّقة انقضاضيّة	humvee bayyadah	Communications Humvee, al-Bayyada (dive drone)	yes	adds communications
2026-05-09_soldiers_deir_siryan_mmirleb_16168.mp4	2026-05-09	2026-05-09	21 ذو القعدة 1447	استهداف جنود من جيش العدوّ الإسرائيلي في محيط بلدة دير سريان جنوب لبنان بِمُحلّقة انقضاضيّة	soldiers deir siryan	Israeli army soldiers, vicinity of Deir Siryan (dive drone)	yes	same banner as strike_on_soldiers_near_deir_mimas
2026-05-09_target_deir_siryan_khallet_al_raj_mmirleb_16249.mp4	2026-05-09	2026-05-09	21 ذو القعدة 1447	استهداف جرّافة تابعة لجيش العدوّ الإسرائيلي في منطقة خلّة راج في بلدة ديرسريان جنوب لبنان بِمُحلّقة انقضاضيّة	target deir siryan khallet al raj	Bulldozer, Khallet Raj area in Deir Siryan (dive drone)	yes	TARGET FIX: banner says bulldozer ("target" was vague)
2026-05-08_strike_on_merkava_tank_near_namr_al_jamal.mp4	2026-05-08	2026-05-08	20 ذو القعدة 1447	استهداف دبّابة ميركافا تابعة لجيش العدوّ الإسرائيلي في موقع نمر الجمل المستحدث مقابل بلدة علما الشعب جنوبيّ لبنان بمحلّقة إنقضاضيّة	Strike on merkava tank near namr al jamal	Merkava tank, newly established Namr al-Jamal site opposite Alma al-Shaab (dive drone)	yes	accurate
2026-05-08_merkava_tank_bayyadah_mmirleb_16051.mp4	2026-05-08	2026-05-08	20 ذو القعدة 1447	استهداف دبّابة ميركافا لجيش العدوّ الإسرائيلي في بلدة البيّاضة جنوب لبنان بِمُحلّقة انقضاضيّة	merkava tank bayyadah	Merkava tank, al-Bayyada (dive drone)	yes	accurate
2026-05-08_strike_on_merkava_tank.mp4	2026-05-08	2026-05-08	20 ذو القعدة 1447	استهداف دبّابة ميركافا لجيش العدوّ الإسرائيلي في بلدة البيّاضة جنوب لبنان بِمُحلّقة انقضاضيّة	Strike on merkava tank	Merkava tank, al-Bayyada (dive drone)	yes	same banner as mmirleb_16051 (same event)
2026-05-08_strike_on_humvee_in_naqoura.mp4	2026-05-08	2026-05-08	20 ذو القعدة 1447	استهداف آليّة هامفي لجيش العدوّ الإسرائيلي في بلدة البيّاضة جنوب لبنان بِمُحلّقة انقضاضيّة	Strike on humvee in naqoura	Humvee, al-Bayyada (dive drone)	yes	LOCATION FIX: banner says al-Bayyada, not Naqoura
2026-05-08_resistance_strikes_enemy_forces_kfar_kila.mp4	2026-05-08	—	—	سلسِلة ضربات المقاومة ضد قوّات جيش العدو الإسرائيلي في بلدة رشاف جنوب لبنان بِسربٍ من مُحلّقات أبابيل الإنقضاضيّة	Resistance strikes enemy forces kfar kila	Series of resistance strikes on Israeli army forces, Rashaf (swarm of Ababil dive drones)	unknown	LOCATION FIX: banner says Rashaf, not Kfar Kila; date bar empty on card
2026-05-08_humvee_bayyadah_mmirleb_16048.mp4	2026-05-08	2026-05-08	20 ذو القعدة 1447	استهداف آليّة هامفي لجيش العدوّ الإسرائيلي في بلدة البيّاضة جنوب لبنان بِمُحلّقة انقضاضيّة	humvee bayyadah	Humvee, al-Bayyada (dive drone)	yes	same banner as strike_on_humvee_in_naqoura (confirms that location fix)
2026-05-07_strike_on_iron_dome_launcher_at_jal_al_alam.mp4	2026-05-07	2026-05-07/08	19/20 ذو القعدة 1447	استهداف منصّة قبّة حديديّة وطاقمها التابع لجيش العدوّ الإسرائيلي في موقع جلّ العلام على الحدود اللبنانيّة الفلسطينيّة بمحلّقتين انقضاضيّتين	Strike on iron dome launcher at jal al alam	Iron Dome platform and its crew, Jal al-Alam site (two dive drones)	yes	banner date spans 07-08 May; adds crew
2026-05-06_strike_on_soldier_group.mp4	2026-05-06	2026-05-06	18 ذو القعدة 1447	استهداف تجمّع لجنود جيش العدوّ الإسرائيلي في بلدة البيّاضة جنوب لبنان بمحلّقة انقضاضيّة	Strike on soldier group	Israeli army soldier gathering, al-Bayyada (dive drone)	yes	accurate
2026-05-06_strike_on_namer_apc_near_qouzah.mp4	2026-05-06	2026-05-06	18 ذو القعدة 1447	استهداف ناقلة جُند "نميرا" تابعة لجيش العدوّ الإسرائيلي في بلدة القوزح جنوبيّ لبنان بمحلّقة إنقضاضيّة	Strike on namer apc near qouzah	"Namera" troop carrier, Qouzah (dive drone)	yes	accurate
2026-05-06_strike_on_namer_apc_near_deir_siryan.mp4	2026-05-06	2026-05-06	18 ذو القعدة 1447	استهداف آليّة "نميرا" تابعة لجيش العدوّ الإسرائيلي عند خلّة الراج في بلدة دير سريان جنوبيّ لبنان بمحلّقة انقضاضيّة	Strike on namer apc near deir siryan	"Namera" vehicle, Khallet al-Raj in Deir Siryan (dive drone)	yes	accurate
2026-05-06_strike_on_namer_apc_in_bint_jbeil.mp4	2026-05-06	2026-05-06	18 ذو القعدة 1447	استهداف آليّة نميرا تابعة لجيش العدوّ الإسرائيلي في مدينة بنت جبيل جنوب لبنان بمحلّقة انقضاضيّة	Strike on namer apc in bint jbeil	"Namera" vehicle, city of Bint Jbeil (dive drone)	yes	accurate
2026-05-06_strike_on_enemy_position.mp4	2026-05-06	2026-05-06	18 ذو القعدة 1447	استهداف نقطة تموضع تابعة لجيش العدوّ الإسرائيلي في بلدة الطيّبة جنوبيّ لبنان بمحلّقة انقضاضيّة	Strike on enemy position	Israeli army positioning point, Taybeh (dive drone)	yes	accurate
2026-05-06_soldiers_gathering_aita_al_shaab_mmirleb_15841.mp4	2026-05-06	2026-05-06	18 ذو القعدة 1447	استهداف تجمّع لجنود جيش العدوّ الإسرائيلي في بلدة عيتا الشعب جنوبيّ لبنان بمسيّرة إنقضاضيّة	soldiers gathering aita al shaab	Israeli army soldier gathering, Aita al-Shaab (dive drone)	yes	accurate
2026-05-06_position_point_taybeh_mmirleb_16210.mp4	2026-05-06	2026-05-06	18 ذو القعدة 1447	استهداف نقطة تموضع تابعة لجيش العدوّ الإسرائيلي في بلدة الطيّبة جنوبيّ لبنان بمحلّقة انقضاضيّة	position point taybeh	Israeli army positioning point, Taybeh (dive drone)	yes	same banner as strike_on_enemy_position
2026-05-06_d9_engineering_vehicle_houla_mmirleb_16347.mp4	2026-05-06	2026-05-06	18 ذو القعدة 1447	استهداف جرّافة دي 9 لجيش العدوّ الإسرائيلي في بلدة حولا جنوب لبنان بمحلّقة انقضاضيّة	d9 engineering vehicle houla	D9 bulldozer, Houla (dive drone)	yes	accurate
2026-05-05_strike_on_merkava_tank.mp4	2026-05-05	2026-05-05	17 ذو القعدة 1447	استهداف دبّابة ميركافا تابعة لجيش العدوّ الإسرائيلي في بلدة القوزح جنوبيّ لبنان بمحلّقة إنقضاضيّة	Strike on merkava tank	Merkava tank, Qouzah (dive drone)	yes	accurate
2026-05-04_strike_on_troop_transport_vehicle.mp4	2026-05-04	2026-05-04	16 ذو القعدة 1447	استهداف آليّة لنقل جنود جيش العدوّ الإسرائيلي في محيط موقع العبّاد على الحدود اللبنانيّة الجنوبيّة بمحلّقةٍ إنقضاضيّة	Strike on troop transport vehicle	Troop transport vehicle, vicinity of al-Abbad site on the southern Lebanese border (dive drone)	yes	LOCATION FOUND: al-Abbad site (town was "Unknown")
2026-05-04_strike_on_engineering_vehicle.mp4	2026-05-04	2026-05-04	16 ذو القعدة 1447	استهداف آليّة لوجستيّة "هيمت" تابعة لجيش العدوّ الإسرائيلي في موقع المنارة على الحدود اللبنانيّة الجنوبيّة بمحلّقة أبابيل الانقضاضيّة	Strike on engineering vehicle	HEMTT logistics vehicle, Manara site (Ababil dive drone)	yes	TARGET FIX: banner says HEMTT logistics vehicle, not engineering vehicle
2026-05-04_hemtt_logistics_vehicle_manara_mmirleb_16528.mp4	2026-05-04	2026-05-04	16 ذو القعدة 1447	استهداف آليّة لوجستيّة "هيمت" تابعة لجيش العدوّ الإسرائيلي في موقع المنارة على الحدود اللبنانيّة الجنوبيّة بمحلّقة أبابيل الانقضاضيّة	hemtt logistics vehicle manara	HEMTT logistics vehicle, Manara site (Ababil dive drone)	yes	same banner as strike_on_engineering_vehicle (same event)
2026-05-03_strike_on_surveillance_camera.mp4	2026-05-03	2026-05-03	15 ذو القعدة 1447	استهداف كاميرا رصد ومراقبة لجيش العدوّ الإسرائيلي في بلدة البيّاضة جنوب لبنان بمحلّقة انقضاضيّة	Strike on surveillance camera	Observation and surveillance camera, al-Bayyada (dive drone)	yes	accurate
2026-05-03_company_commander_tank_bayyadah_mmirleb_16007.mp4	2026-05-03	2026-05-03	15 ذو القعدة 1447	استهداف دبّابة آمر سريّة مُدرّعات في جيش العدوّ الإسرائيلي في بلدة البيّاضة جنوب لبنان بمحلّقة انقضاضيّة	company commander tank bayyadah	Armored-company commander's tank, al-Bayyada (dive drone)	yes	accurate
2026-05-02_strike_on_namer_apc_in_bint_jbeil.mp4	2026-05-02	2026-05-02	14 ذو القعدة 1447	استهداف آليّة نميرا تابعة لجيش العدوّ الإسرائيلي في مدينة بنت جبيل جنوب لبنان بمحلّقة انقضاضيّة	Strike on namer apc in bint jbeil	"Namera" vehicle, city of Bint Jbeil (dive drone)	yes	accurate
2026-05-02_strike_on_drone_control_system.mp4	2026-05-02	2026-05-02	14 ذو القعدة 1447	استهداف منظومة تحكم بالمحلّقات تابعة لجيش العدوّ الإسرائيلي في بلدة البيّاضة جنوبيّ لبنان بمحلّقة انقضاضيّة	Strike on drone control system	Drone control system, al-Bayyada (dive drone)	yes	accurate
2026-05-01_strike_on_soldiers.mp4	2026-05-01	2026-05-01	13 ذو القعدة 1447	استهداف جنود جيش العدوّ الإسرائيلي في بلدة البيّاضة جنوبيّ لبنان بمحلّقة إنقضاضيّة	Strike on soldiers	Israeli army soldiers, al-Bayyada (dive drone)	yes	accurate
2026-05-01_strike_on_humvee.mp4	2026-05-01	2026-05-01	13 ذو القعدة 1447	استهداف آليّة هامفي تابعة لجيش العدوّ الإسرائيلي في بلدة البيّاضة جنوبيّ لبنان بمحلّقة انقضاضيّة	Strike on humvee	Humvee, al-Bayyada (dive drone)	yes	accurate
2026-05-01_namer_vehicle_bint_jbeil_mmirleb_15898.mp4	2026-05-01	2026-05-01	13 ذو القعدة 1447	استهداف آليّة نميرا تابعة لجيش العدوّ الإسرائيلي في مدينة بنت جبيل جنوب لبنان بمحلّقة انقضاضيّة	namer vehicle bint jbeil	"Namera" vehicle, city of Bint Jbeil (dive drone)	yes	accurate
2026-05-01_merkava_tank_rashaf_mmirleb_15950.mp4	2026-05-01	2026-05-01	13 ذو القعدة 1447	استهداف دبابة ميركافا تابعة لجيش العدوّ الإسرائيلي في بلدة رشاف جنوب لبنان بمحلّقة انقضاضيّة	merkava tank rashaf	Merkava tank, Rashaf (dive drone)	yes	accurate
2026-04-30_strike_on_humvee_in_naqoura.mp4	2026-04-30	2026-04-30	12 ذو القعدة 1447	استهداف آليّة هامر تابعة لجيش العدوّ الإسرائيلي في بلدة البيّاضة جنوب لبنان بمحلّقة انقضاضيّة	Strike on humvee in naqoura	Hummer vehicle, al-Bayyada (dive drone)	yes	LOCATION FIX: banner says al-Bayyada, not Naqoura
2026-04-29_strike_on_merkava_tank.mp4	2026-04-29	2026-04-29	11 ذو القعدة 1447	استهداف دبّابة ميركافا تابعة لجيش العدوّ الإسرائيلي في بلدة بيت ليف جنوبيّ لبنان بمحلّقة إنقضاضيّة	Strike on merkava tank	Merkava tank, Beit Lif (dive drone)	yes	accurate
2026-04-24_d9_engineering_vehicle_between_taybeh_and_deir_siryan.mp4	2026-04-24	2026-04-24	06 ذو القعدة 1447	استهداف آليّة هندسيّة (D9) تابعة لجيش العدوّ الإسرائيلي على الطريق الواصلة بين الطيّبة ودير سريان جنوبيّ لبنان بمحلّقة انقضاضيّة	D9 engineering vehicle between taybeh and deir siryan	D9 engineering vehicle on the road between Taybeh and Deir Siryan (dive drone)	yes	accurate
