row,date,description,town,lat,lon,status,thumbnail_url,video_url
1,2026-06-17,force position kfar tebnit,Kfar Tebnit,33.35306,35.51333,mapped,https://d2fioemadmrru3.cloudfront.net/thumbnails/2026-06-17_force_position_kfar_tebnit_mmirleb_17590.jpg,https://d2fioemadmrru3.cloudfront.net/videos/2026-06-17_force_position_kfar_tebnit_mmirleb_17590.mp4
2,2026-06-14,Engineering vehicle arnoun ababil drone,Arnoun,33.33168333,35.52566667,mapped,https://d2fioemadmrru3.cloudfront.net/thumbnails/2026-06-14_engineering_vehicle_arnoun_ababil_drone.jpg,https://d2fioemadmrru3.cloudfront.net/videos/2026-06-14_engineering_vehicle_arnoun_ababil_drone.mp4
3,2026-06-13,command center beaufort castle,Beaufort Castle,33.32401389,35.53186389,mapped,https://d2fioemadmrru3.cloudfront.net/thumbnails/2026-06-13_command_center_beaufort_castle_mmirleb_17580.jpg,https://d2fioemadmrru3.cloudfront.net/videos/2026-06-13_command_center_beaufort_castle_mmirleb_17580.mp4
4,2026-06-13,namer vehicle hamammas hill khiam,Khiam,33.32690833,35.61120556,mapped,https://d2fioemadmrru3.cloudfront.net/thumbnails/2026-06-13_namer_vehicle_hamammas_hill_khiam_mmirleb_17586.jpg,https://d2fioemadmrru3.cloudfront.net/videos/2026-06-13_namer_vehicle_hamammas_hill_khiam_mmirleb_17586.mp4
5,2026-06-13,Excavator majdal zoun,Majdal Zoun,33.15143056,35.22584444,mapped,https://d2fioemadmrru3.cloudfront.net/thumbnails/2026-06-13_excavator_majdal_zoun.jpg,https://d2fioemadmrru3.cloudfront.net/videos/2026-06-13_excavator_majdal_zoun.mp4
6,2026-06-13,logistics position bayyadah,Al Bayada / Bayyadah,33.16242222,35.18071389,mapped,https://d2fioemadmrru3.cloudfront.net/thumbnails/2026-06-13_logistics_position_bayyadah_mmirleb_17434.jpg,https://d2fioemadmrru3.cloudfront.net/videos/2026-06-13_logistics_position_bayyadah_mmirleb_17434.mp4
7,2026-06-12,Merkava tank yahmor al shqif,Yahmor al-Shaqif,33.30935556,35.51621944,mapped,https://d2fioemadmrru3.cloudfront.net/thumbnails/2026-06-12_merkava_tank_yahmor_al_shqif.jpg,https://d2fioemadmrru3.cloudfront.net/videos/2026-06-12_merkava_tank_yahmor_al_shqif.mp4
8,2026-06-12,D9 armored bulldozer tayr harfa ababil drone,Tayr Harfa,33.126925,35.21875556,mapped,https://d2fioemadmrru3.cloudfront.net/thumbnails/2026-06-12_d9_armored_bulldozer_tayr_harfa_ababil_drone.jpg,https://d2fioemadmrru3.cloudfront.net/videos/2026-06-12_d9_armored_bulldozer_tayr_harfa_ababil_drone.mp4
9,2026-06-12,merkava tank beaufort castle,Beaufort Castle,33.32401389,35.53186389,mapped,https://d2fioemadmrru3.cloudfront.net/thumbnails/2026-06-12_merkava_tank_beaufort_castle_mmirleb_17595.jpg,https://d2fioemadmrru3.cloudfront.net/videos/2026-06-12_merkava_tank_beaufort_castle_mmirleb_17595.mp4
10,2026-06-11,d9 engineering vehicle beaufort castle,Beaufort Castle,33.32401389,35.53186389,mapped,https://d2fioemadmrru3.cloudfront.net/thumbnails/2026-06-11_d9_engineering_vehicle_beaufort_castle_mmirleb_17598.jpg,https://d2fioemadmrru3.cloudfront.net/videos/2026-06-11_d9_engineering_vehicle_beaufort_castle_mmirleb_17598.mp4
11,2026-06-11,israeli soldiers adaissah,Adaissah,33.25556389,35.54078056,mapped,https://d2fioemadmrru3.cloudfront.net/thumbnails/2026-06-11_israeli_soldiers_adaissah_mmirleb_17602.jpg,https://d2fioemadmrru3.cloudfront.net/videos/2026-06-11_israeli_soldiers_adaissah_mmirleb_17602.mp4
12,2026-06-11,Merkava tank tayr harfa ababil drone,Tayr Harfa,33.126925,35.21875556,mapped,https://d2fioemadmrru3.cloudfront.net/thumbnails/2026-06-11_merkava_tank_tayr_harfa_ababil_drone.jpg,https://d2fioemadmrru3.cloudfront.net/videos/2026-06-11_merkava_tank_tayr_harfa_ababil_drone.mp4
13,2026-06-10,Merkava tank beaufort castle,Beaufort Castle,33.32401389,35.53186389,mapped,https://d2fioemadmrru3.cloudfront.net/thumbnails/2026-06-10_merkava_tank_beaufort_castle.jpg,https://d2fioemadmrru3.cloudfront.net/videos/2026-06-10_merkava_tank_beaufort_castle.mp4
14,2026-06-10,Humvee yahmar al shaqif,Yahmor al-Shaqif,33.30935556,35.51621944,mapped,https://d2fioemadmrru3.cloudfront.net/thumbnails/2026-06-10_humvee_yahmar_al_shaqif.jpg,https://d2fioemadmrru3.cloudfront.net/videos/2026-06-10_humvee_yahmar_al_shaqif.mp4
16,2026-06-09,Namer apc metula southern outskirts khiam,Khiam,33.32690833,35.61120556,mapped,https://d2fioemadmrru3.cloudfront.net/thumbnails/2026-06-09_namer_apc_metula_southern_outskirts_khiam.jpg,https://d2fioemadmrru3.cloudfront.net/videos/2026-06-09_namer_apc_metula_southern_outskirts_khiam.mp4
17,2026-06-08,Strike on enemy vehicles near yahmor al shqif,Yahmor al-Shaqif,33.30935556,35.51621944,mapped,https://d2fioemadmrru3.cloudfront.net/thumbnails/2026-06-08_strike_on_enemy_vehicles_near_yahmor_al_shqif.jpg,https://d2fioemadmrru3.cloudfront.net/videos/2026-06-08_strike_on_enemy_vehicles_near_yahmor_al_shqif.mp4
18,2026-06-08,Command and control vehicle beaufort castle,Beaufort Castle,33.32401389,35.53186389,mapped,https://d2fioemadmrru3.cloudfront.net/thumbnails/2026-06-08_command_and_control_vehicle_beaufort_castle.jpg,https://d2fioemadmrru3.cloudfront.net/videos/2026-06-08_command_and_control_vehicle_beaufort_castle.mp4
21,2026-06-07,Merkava tank beaufort castle,Beaufort Castle,33.32401389,35.53186389,mapped,https://d2fioemadmrru3.cloudfront.net/thumbnails/2026-06-07_merkava_tank_beaufort_castle.jpg,https://d2fioemadmrru3.cloudfront.net/videos/2026-06-07_merkava_tank_beaufort_castle.mp4
22,2026-06-07,Command namer vehicle yahmor al shqif,Yahmor al-Shaqif,33.30935556,35.51621944,mapped,https://d2fioemadmrru3.cloudfront.net/thumbnails/2026-06-07_command_namer_vehicle_yahmor_al_shqif.jpg,https://d2fioemadmrru3.cloudfront.net/videos/2026-06-07_command_namer_vehicle_yahmor_al_shqif.mp4
23,2026-06-06,Sholef howitzer adaissah,Adaissah,33.25556389,35.54078056,mapped,https://d2fioemadmrru3.cloudfront.net/thumbnails/2026-06-06_sholef_howitzer_adaissah.jpg,https://d2fioemadmrru3.cloudfront.net/videos/2026-06-06_sholef_howitzer_adaissah.mp4
24,2026-06-06,Merkava tank blat position,Jabal Blat,33.1145337,35.2905355,mapped,https://d2fioemadmrru3.cloudfront.net/thumbnails/2026-06-06_merkava_tank_blat_position.jpg,https://d2fioemadmrru3.cloudfront.net/videos/2026-06-06_merkava_tank_blat_position.mp4
25,2026-06-06,artillery vehicle adaissah,Adaissah,33.25556389,35.54078056,mapped,https://d2fioemadmrru3.cloudfront.net/thumbnails/2026-06-06_artillery_vehicle_adaissah_mmirleb_17504.jpg,https://d2fioemadmrru3.cloudfront.net/videos/2026-06-06_artillery_vehicle_adaissah_mmirleb_17504.mp4
26,2026-06-05,Humvee near khiam,Khiam,33.32690833,35.61120556,mapped,https://d2fioemadmrru3.cloudfront.net/thumbnails/2026-06-05_humvee_near_khiam.jpg,https://d2fioemadmrru3.cloudfront.net/videos/2026-06-05_humvee_near_khiam.mp4
27,2026-06-05,soldiers khiam,Khiam,33.32690833,35.61120556,mapped,https://d2fioemadmrru3.cloudfront.net/thumbnails/2026-06-05_soldiers_khiam_mmirleb_17315.jpg,https://d2fioemadmrru3.cloudfront.net/videos/2026-06-05_soldiers_khiam_mmirleb_17315.mp4
28,2026-06-05,merkava tank beaufort castle,Beaufort Castle,33.32401389,35.53186389,mapped,https://d2fioemadmrru3.cloudfront.net/thumbnails/2026-06-05_merkava_tank_beaufort_castle_mmirleb_17447.jpg,https://d2fioemadmrru3.cloudfront.net/videos/2026-06-05_merkava_tank_beaufort_castle_mmirleb_17447.mp4
29,2026-06-04,Merkava tank beaufort castle 02,Beaufort Castle,33.32401389,35.53186389,mapped,https://d2fioemadmrru3.cloudfront.net/thumbnails/2026-06-04_merkava_tank_beaufort_castle_02.jpg,https://d2fioemadmrru3.cloudfront.net/videos/2026-06-04_merkava_tank_beaufort_castle_02.mp4
30,2026-06-04,Merkava tank beaufort castle,Beaufort Castle,33.32401389,35.53186389,mapped,https://d2fioemadmrru3.cloudfront.net/thumbnails/2026-06-04_merkava_tank_beaufort_castle.jpg,https://d2fioemadmrru3.cloudfront.net/videos/2026-06-04_merkava_tank_beaufort_castle.mp4
31,2026-06-03,Merkava tank zawtar al sharqiyah,Zawtar al-Sharqiyah,33.3213,35.47325833,mapped,https://d2fioemadmrru3.cloudfront.net/thumbnails/2026-06-03_merkava_tank_zawtar_al_sharqiyah.jpg,https://d2fioemadmrru3.cloudfront.net/videos/2026-06-03_merkava_tank_zawtar_al_sharqiyah.mp4
32,2026-06-03,personnel carrier zawtar al sharqiyah mmirleb 17494,Zawtar al-Sharqiyah,33.3213,35.47325833,mapped,https://d2fioemadmrru3.cloudfront.net/thumbnails/2026-06-03_personnel_carrier_zawtar_al_sharqiyah_mmirleb_17492.jpg,https://d2fioemadmrru3.cloudfront.net/videos/2026-06-03_personnel_carrier_zawtar_al_sharqiyah_mmirleb_17492.mp4
33,2026-06-03,personnel carrier zawtar al sharqiyah mmirleb 17523,Zawtar al-Sharqiyah,33.3213,35.47325833,mapped,https://d2fioemadmrru3.cloudfront.net/thumbnails/2026-06-03_personnel_carrier_zawtar_al_sharqiyah_mmirleb_17521.jpg,https://d2fioemadmrru3.cloudfront.net/videos/2026-06-03_personnel_carrier_zawtar_al_sharqiyah_mmirleb_17521.mp4
34,2026-06-03,M113 apc beaufort castle,Beaufort Castle,33.32401389,35.53186389,mapped,https://d2fioemadmrru3.cloudfront.net/thumbnails/2026-06-03_m113_apc_beaufort_castle.jpg,https://d2fioemadmrru3.cloudfront.net/videos/2026-06-03_m113_apc_beaufort_castle.mp4
35,2026-06-03,Humvee zawtar al sharqiyah,Zawtar al-Sharqiyah,33.3213,35.47325833,mapped,https://d2fioemadmrru3.cloudfront.net/thumbnails/2026-06-03_humvee_zawtar_al_sharqiyah.jpg,https://d2fioemadmrru3.cloudfront.net/videos/2026-06-03_humvee_zawtar_al_sharqiyah.mp4
36,2026-06-02,Targeting israeli soldiers eastern outskirts zawtar al sharqiyah,Zawtar al-Sharqiyah,33.3213,35.47325833,mapped,https://d2fioemadmrru3.cloudfront.net/thumbnails/2026-06-02_targeting_israeli_soldiers_eastern_outskirts_zawtar_al_sharqiyah.jpg,https://d2fioemadmrru3.cloudfront.net/videos/2026-06-02_targeting_israeli_soldiers_eastern_outskirts_zawtar_al_sharqiyah.mp4
37,2026-06-02,Soldiers and namer vehicle near yahmor al shqif,Yahmor al-Shaqif,33.30935556,35.51621944,mapped,https://d2fioemadmrru3.cloudfront.net/thumbnails/2026-06-02_soldiers_and_namer_vehicle_near_yahmor_al_shqif.jpg,https://d2fioemadmrru3.cloudfront.net/videos/2026-06-02_soldiers_and_namer_vehicle_near_yahmor_al_shqif.mp4
38,2026-06-02,Namer vehicle near yahmor al shqif,Yahmor al-Shaqif,33.30935556,35.51621944,mapped,https://d2fioemadmrru3.cloudfront.net/thumbnails/2026-06-02_namer_vehicle_near_yahmor_al_shqif.jpg,https://d2fioemadmrru3.cloudfront.net/videos/2026-06-02_namer_vehicle_near_yahmor_al_shqif.mp4
39,2026-06-02,Merkava tank near yahmor al shqif,Yahmor al-Shaqif,33.30935556,35.51621944,mapped,https://d2fioemadmrru3.cloudfront.net/thumbnails/2026-06-02_merkava_tank_near_yahmor_al_shqif.jpg,https://d2fioemadmrru3.cloudfront.net/videos/2026-06-02_merkava_tank_near_yahmor_al_shqif.mp4
41,2026-06-01,Soldiers near yahmor al shqif,Yahmor al-Shaqif,33.30935556,35.51621944,mapped,https://d2fioemadmrru3.cloudfront.net/thumbnails/2026-06-01_soldiers_near_yahmor_al_shqif.jpg,https://d2fioemadmrru3.cloudfront.net/videos/2026-06-01_soldiers_near_yahmor_al_shqif.mp4
42,2026-06-01,Merkava tank near yahmor al shqif,Yahmor al-Shaqif,33.30935556,35.51621944,mapped,https://d2fioemadmrru3.cloudfront.net/thumbnails/2026-06-01_merkava_tank_near_yahmor_al_shqif.jpg,https://d2fioemadmrru3.cloudfront.net/videos/2026-06-01_merkava_tank_near_yahmor_al_shqif.mp4
43,2026-05-31,Soldiers gathering near border site,Beaufort Castle,33.32401389,35.53186389,mapped,https://d2fioemadmrru3.cloudfront.net/thumbnails/2026-05-31_soldiers_gathering_near_border_site.jpg,https://d2fioemadmrru3.cloudfront.net/videos/2026-05-31_soldiers_gathering_near_border_site.mp4
44,2026-05-31,Namer vehicle and apc in dibel,Dibel / Debel,33.12090278,35.36613611,mapped,https://d2fioemadmrru3.cloudfront.net/thumbnails/2026-05-31_namer_vehicle_and_apc_in_dibel.jpg,https://d2fioemadmrru3.cloudfront.net/videos/2026-05-31_namer_vehicle_and_apc_in_dibel.mp4
45,2026-05-31,Humvee vehicle at al assi,Border area opposite Mays al-Jabal,33.17205556,35.53799167,mapped,https://d2fioemadmrru3.cloudfront.net/thumbnails/2026-05-31_humvee_vehicle_at_al_assi.jpg,https://d2fioemadmrru3.cloudfront.net/videos/2026-05-31_humvee_vehicle_at_al_assi.mp4
46,2026-05-30,Merkava tank beaufort castle,Beaufort Castle,33.32401389,35.53186389,mapped,https://d2fioemadmrru3.cloudfront.net/thumbnails/2026-05-30_merkava_tank_in_border_area.jpg,https://d2fioemadmrru3.cloudfront.net/videos/2026-05-30_merkava_tank_in_border_area.mp4
47,2026-05-30,technical equipment rashaf,Rachaf / Rashaf,33.14407222,35.36260833,mapped,https://d2fioemadmrru3.cloudfront.net/thumbnails/2026-05-30_technical_equipment_rashaf_mmirleb_17060.jpg,https://d2fioemadmrru3.cloudfront.net/videos/2026-05-30_technical_equipment_rashaf_mmirleb_17060.mp4
48,2026-05-29,Soldier at misgav am,Misgav Am,33.24803333,35.54877778,mapped,https://d2fioemadmrru3.cloudfront.net/thumbnails/2026-05-29_soldier_at_misgav_am.jpg,https://d2fioemadmrru3.cloudfront.net/videos/2026-05-29_soldier_at_misgav_am.mp4
49,2026-05-29,Namer apc in ainata,Ainata,33.12971111,35.43543889,mapped,https://d2fioemadmrru3.cloudfront.net/thumbnails/2026-05-29_namer_apc_in_ainata.jpg,https://d2fioemadmrru3.cloudfront.net/videos/2026-05-29_namer_apc_in_ainata.mp4
51,2026-05-28,iron dome launcher vehicle khiam,Khiam,33.32690833,35.61120556,mapped,https://d2fioemadmrru3.cloudfront.net/thumbnails/2026-05-28_iron_dome_launcher_vehicle_khiam_mmirleb_16993.jpg,https://d2fioemadmrru3.cloudfront.net/videos/2026-05-28_iron_dome_launcher_vehicle_khiam_mmirleb_16993.mp4
52,2026-05-28,merkava tank zawtar al sharqiyah,Zawtar al-Sharqiyah,33.3213,35.47325833,mapped,https://d2fioemadmrru3.cloudfront.net/thumbnails/2026-05-28_merkava_tank_zawtar_al_sharqiyah_mmirleb_17154.jpg,https://d2fioemadmrru3.cloudfront.net/videos/2026-05-28_merkava_tank_zawtar_al_sharqiyah_mmirleb_17154.mp4
53,2026-05-27,Merkava tank on military route,Zawtar al-Sharqiyah,33.3213,35.47325833,mapped,https://d2fioemadmrru3.cloudfront.net/thumbnails/2026-05-27_merkava_tank_on_military_route.jpg,https://d2fioemadmrru3.cloudfront.net/videos/2026-05-27_merkava_tank_on_military_route.mp4
54,2026-05-27,Iron technical platform at jal al alam,Border near Rosh HaNikra,33.08693889,35.15468611,mapped,https://d2fioemadmrru3.cloudfront.net/thumbnails/2026-05-27_iron_technical_platform_at_jal_al_alam.jpg,https://d2fioemadmrru3.cloudfront.net/videos/2026-05-27_iron_technical_platform_at_jal_al_alam.mp4
55,2026-05-27,Enemy vehicle in northern settlement,Shomera,33.08247,35.281962,mapped,https://d2fioemadmrru3.cloudfront.net/thumbnails/2026-05-27_enemy_vehicle_in_northern_settlement.jpg,https://d2fioemadmrru3.cloudfront.net/videos/2026-05-27_enemy_vehicle_in_northern_settlement.mp4
57,2026-05-26,Merkava tank in rashaf,Rachaf / Rashaf,33.14407222,35.36260833,mapped,https://d2fioemadmrru3.cloudfront.net/thumbnails/2026-05-26_merkava_tank_in_rashaf.jpg,https://d2fioemadmrru3.cloudfront.net/videos/2026-05-26_merkava_tank_in_rashaf.mp4
58,2026-05-26,Humvee vehicle in wadi near dibel,Dibel / Debel,33.12090278,35.36613611,mapped,https://d2fioemadmrru3.cloudfront.net/thumbnails/2026-05-26_humvee_vehicle_in_wadi_near_dibel.jpg,https://d2fioemadmrru3.cloudfront.net/videos/2026-05-26_humvee_vehicle_in_wadi_near_dibel.mp4
59,2026-05-26,Communications equipment at al assi,Border area opposite Mays al-Jabal,33.17205556,35.53799167,mapped,https://d2fioemadmrru3.cloudfront.net/thumbnails/2026-05-26_communications_equipment_at_al_assi.jpg,https://d2fioemadmrru3.cloudfront.net/videos/2026-05-26_communications_equipment_at_al_assi.mp4
61,2026-05-26,Anti drone platform barashit,Border near Rmaych,33.06221389,35.34233889,mapped,https://d2fioemadmrru3.cloudfront.net/thumbnails/2026-05-26_anti_drone_platform_barashit.jpg,https://d2fioemadmrru3.cloudfront.net/videos/2026-05-26_anti_drone_platform_barashit.mp4
62,2026-05-26,humvee zawtar al sharqiyah riverbed,Zawtar al-Sharqiyah,33.3213,35.47325833,mapped,https://d2fioemadmrru3.cloudfront.net/thumbnails/2026-05-26_humvee_zawtar_al_sharqiyah_riverbed_mmirleb_17068.jpg,https://d2fioemadmrru3.cloudfront.net/videos/2026-05-26_humvee_zawtar_al_sharqiyah_riverbed_mmirleb_17068.mp4
63,2026-05-26,d9 bulldozer zawtar al sharqiyah,Zawtar al-Sharqiyah,33.3213,35.47325833,mapped,https://d2fioemadmrru3.cloudfront.net/thumbnails/2026-05-26_d9_bulldozer_zawtar_al_sharqiyah_mmirleb_17143.jpg,https://d2fioemadmrru3.cloudfront.net/videos/2026-05-26_d9_bulldozer_zawtar_al_sharqiyah_mmirleb_17143.mp4
64,2026-05-25,Two israeli army vehicles,Naqoura,33.118975,35.14008333,mapped,https://d2fioemadmrru3.cloudfront.net/thumbnails/2026-05-25_two_israeli_army_vehicles.jpg,https://d2fioemadmrru3.cloudfront.net/videos/2026-05-25_two_israeli_army_vehicles.mp4
65,2026-05-25,Soldiers position tent hadab al bustan,Manor Ridge,33.0931061,35.2460822,mapped,https://d2fioemadmrru3.cloudfront.net/thumbnails/2026-05-25_soldiers_position_tent_hadab_al_bustan.jpg,https://d2fioemadmrru3.cloudfront.net/videos/2026-05-25_soldiers_position_tent_hadab_al_bustan.mp4
66,2026-05-25,Command room tayr harfa,Tayr Harfa,33.126925,35.21875556,mapped,https://d2fioemadmrru3.cloudfront.net/thumbnails/2026-05-25_command_room_tayr_harfa.jpg,https://d2fioemadmrru3.cloudfront.net/videos/2026-05-25_command_room_tayr_harfa.mp4
67,2026-05-24,Namer apc taybeh,Taybeh,33.27614167,35.52115278,mapped,https://d2fioemadmrru3.cloudfront.net/thumbnails/2026-05-24_namer_apc_taybeh.jpg,https://d2fioemadmrru3.cloudfront.net/videos/2026-05-24_namer_apc_taybeh.mp4
68,2026-05-24,humvee manara,Manara,33.19809722,35.54392778,mapped,https://d2fioemadmrru3.cloudfront.net/thumbnails/2026-05-24_humvee_manara_mmirleb_16823.jpg,https://d2fioemadmrru3.cloudfront.net/videos/2026-05-24_humvee_manara_mmirleb_16823.mp4
69,2026-05-23,Soldier Gathering Bayyadah,Al Bayada / Bayyadah,33.16242222,35.18071389,mapped,https://d2fioemadmrru3.cloudfront.net/thumbnails/2026-05-23_soldier_gathering_bayyadah.jpg,https://d2fioemadmrru3.cloudfront.net/videos/2026-05-23_soldier_gathering_bayyadah.mp4
70,2026-05-23,Two iron dome platforms ramim,Ramim Ridge,33.19026667,35.54089722,mapped,https://d2fioemadmrru3.cloudfront.net/thumbnails/2026-05-23_two_iron_dome_platforms_ramim.jpg,https://d2fioemadmrru3.cloudfront.net/videos/2026-05-23_two_iron_dome_platforms_ramim.mp4
72,2026-05-23,Anti drone system jardah,Border Israel in front of Alma al-Shaab,33.09190833,35.18313611,mapped,https://d2fioemadmrru3.cloudfront.net/thumbnails/2026-05-23_anti_drone_system_jardah.jpg,https://d2fioemadmrru3.cloudfront.net/videos/2026-05-23_anti_drone_system_jardah.mp4
73,2026-05-22,Soldier manara,Manara,33.19809722,35.54392778,mapped,https://d2fioemadmrru3.cloudfront.net/thumbnails/2026-05-22_soldier_manara.jpg,https://d2fioemadmrru3.cloudfront.net/videos/2026-05-22_soldier_manara.mp4
74,2026-05-22,Merkava tank markaba,Markaba,33.23274722,35.51663333,mapped,https://d2fioemadmrru3.cloudfront.net/thumbnails/2026-05-22_merkava_tank_markaba.jpg,https://d2fioemadmrru3.cloudfront.net/videos/2026-05-22_merkava_tank_markaba.mp4
75,2026-05-21,Engineering vehicle khallet al raj deir siryan,Deir Seryan / Khallet al-Raj,33.291775,35.50118611,mapped,https://d2fioemadmrru3.cloudfront.net/thumbnails/2026-05-21_engineering_vehicle_khallet_al_raj_deir_siryan.jpg,https://d2fioemadmrru3.cloudfront.net/videos/2026-05-21_engineering_vehicle_khallet_al_raj_deir_siryan.mp4
76,2026-05-20,Namer apc hadatha,Haddatha,33.16537778,35.39011389,mapped,https://d2fioemadmrru3.cloudfront.net/thumbnails/2026-05-20_namer_apc_hadatha.jpg,https://d2fioemadmrru3.cloudfront.net/videos/2026-05-20_namer_apc_hadatha.mp4
77,2026-05-20,Armored brigade 401 hq debel,Dibel / Debel,33.12090278,35.36613611,mapped,https://d2fioemadmrru3.cloudfront.net/thumbnails/2026-05-20_armored_brigade_401_hq_debel.jpg,https://d2fioemadmrru3.cloudfront.net/videos/2026-05-20_armored_brigade_401_hq_debel.mp4
78,2026-05-19,Military vehicle misgav am,Misgav Am,33.24803333,35.54877778,mapped,https://d2fioemadmrru3.cloudfront.net/thumbnails/2026-05-19_military_vehicle_misgav_am.jpg,https://d2fioemadmrru3.cloudfront.net/videos/2026-05-19_military_vehicle_misgav_am.mp4
79,2026-05-19,iron dome platform misgav am,Misgav Am,33.24803333,35.54877778,mapped,https://d2fioemadmrru3.cloudfront.net/thumbnails/2026-05-19_iron_dome_platform_misgav_am_mmirleb_16697.jpg,https://d2fioemadmrru3.cloudfront.net/videos/2026-05-19_iron_dome_platform_misgav_am_mmirleb_16697.mp4
80,2026-05-19,iron dome platform jal al alam,Border near Rosh HaNikra,33.08693889,35.15468611,mapped,https://d2fioemadmrru3.cloudfront.net/thumbnails/2026-05-19_iron_dome_platform_jal_al_alam_mmirleb_16395.jpg,https://d2fioemadmrru3.cloudfront.net/videos/2026-05-19_iron_dome_platform_jal_al_alam_mmirleb_16395.mp4
81,2026-05-19,communications vehicle taybeh,Taybeh,33.27614167,35.52115278,mapped,https://d2fioemadmrru3.cloudfront.net/thumbnails/2026-05-19_communications_vehicle_taybeh_mmirleb_16552.jpg,https://d2fioemadmrru3.cloudfront.net/videos/2026-05-19_communications_vehicle_taybeh_mmirleb_16552.mp4
82,2026-05-19,engineering vehicle khiam,Khiam,33.32690833,35.61120556,mapped,https://d2fioemadmrru3.cloudfront.net/thumbnails/2026-05-19_engineering_vehicle_khiam_mmirleb_16767.jpg,https://d2fioemadmrru3.cloudfront.net/videos/2026-05-19_engineering_vehicle_khiam_mmirleb_16767.mp4
83,2026-05-18,Iron dome platform shomera,"Near Shomera (Israel), approx",33.09319722,35.28620556,mapped,https://d2fioemadmrru3.cloudfront.net/thumbnails/2026-05-18_iron_dome_platform_shomera.jpg,https://d2fioemadmrru3.cloudfront.net/videos/2026-05-18_iron_dome_platform_shomera.mp4
84,2026-05-18,brigade 300 commander vehicle shomera,"Near Shomera (Israel), approx",33.09319722,35.28620556,mapped,https://d2fioemadmrru3.cloudfront.net/thumbnails/2026-05-18_brigade_300_commander_vehicle_shomera_mmirleb_16516.jpg,https://d2fioemadmrru3.cloudfront.net/videos/2026-05-18_brigade_300_commander_vehicle_shomera_mmirleb_16516.mp4
85,2026-05-18,engineering vehicle deir siryan khallet al raj,Deir Seryan / Khallet al-Raj,33.291775,35.50118611,mapped,https://d2fioemadmrru3.cloudfront.net/thumbnails/2026-05-18_engineering_vehicle_deir_siryan_khallet_al_raj_mmirleb_16558.jpg,https://d2fioemadmrru3.cloudfront.net/videos/2026-05-18_engineering_vehicle_deir_siryan_khallet_al_raj_mmirleb_16558.mp4
86,2026-05-17,Buggy iskandarounah naqoura,Naqoura,33.118975,35.14008333,mapped,https://d2fioemadmrru3.cloudfront.net/thumbnails/2026-05-17_buggy_iskandarounah_naqoura.jpg,https://d2fioemadmrru3.cloudfront.net/videos/2026-05-17_buggy_iskandarounah_naqoura.mp4
87,2026-05-17,logistics position bayyadah iskandarounah,Al Bayada / Bayyadah,33.16242222,35.18071389,mapped,https://d2fioemadmrru3.cloudfront.net/thumbnails/2026-05-17_logistics_position_bayyadah_iskandarounah_mmirleb_16413.jpg,https://d2fioemadmrru3.cloudfront.net/videos/2026-05-17_logistics_position_bayyadah_iskandarounah_mmirleb_16413.mp4
88,2026-05-17,military vehicle bayyadah iskandarounah,Al Bayada / Bayyadah,33.16242222,35.18071389,mapped,https://d2fioemadmrru3.cloudfront.net/thumbnails/2026-05-17_military_vehicle_bayyadah_iskandarounah_mmirleb_16443.jpg,https://d2fioemadmrru3.cloudfront.net/videos/2026-05-17_military_vehicle_bayyadah_iskandarounah_mmirleb_16443.mp4
89,2026-05-16,Hummer iskandarounah bayyadah,Al Bayada / Bayyadah,33.16242222,35.18071389,mapped,https://d2fioemadmrru3.cloudfront.net/thumbnails/2026-05-16_hummer_iskandarounah_naqoura.jpg,https://d2fioemadmrru3.cloudfront.net/videos/2026-05-16_hummer_iskandarounah_naqoura.mp4
90,2026-05-16,engineering vehicle deir siryan khallet al raj,Deir Seryan / Khallet al-Raj,33.291775,35.50118611,mapped,https://d2fioemadmrru3.cloudfront.net/thumbnails/2026-05-16_engineering_vehicle_deir_siryan_khallet_al_raj_mmirleb_16319.jpg,https://d2fioemadmrru3.cloudfront.net/videos/2026-05-16_engineering_vehicle_deir_siryan_khallet_al_raj_mmirleb_16319.mp4
91,2026-05-16,merkava tank bayyadah,Al Bayada / Bayyadah,33.16242222,35.18071389,mapped,https://d2fioemadmrru3.cloudfront.net/thumbnails/2026-05-16_merkava_tank_bayyadah_mmirleb_16351.jpg,https://d2fioemadmrru3.cloudfront.net/videos/2026-05-16_merkava_tank_bayyadah_mmirleb_16351.mp4
92,2026-05-16,namer vehicle taybeh,Taybeh,33.27614167,35.52115278,mapped,https://d2fioemadmrru3.cloudfront.net/thumbnails/2026-05-16_namer_vehicle_taybeh_mmirleb_16531.jpg,https://d2fioemadmrru3.cloudfront.net/videos/2026-05-16_namer_vehicle_taybeh_mmirleb_16531.mp4
93,2026-05-15,Engineering vehicle khiam,Khiam,33.32690833,35.61120556,mapped,https://d2fioemadmrru3.cloudfront.net/thumbnails/2026-05-15_engineering_vehicle_khiam.jpg,https://d2fioemadmrru3.cloudfront.net/videos/2026-05-15_engineering_vehicle_khiam.mp4
94,2026-05-15,personnel carrier deir siryan khallet al raj,Deir Seryan / Khallet al-Raj,33.291775,35.50118611,mapped,https://d2fioemadmrru3.cloudfront.net/thumbnails/2026-05-15_personnel_carrier_deir_siryan_khallet_al_raj_mmirleb_16301.jpg,https://d2fioemadmrru3.cloudfront.net/videos/2026-05-15_personnel_carrier_deir_siryan_khallet_al_raj_mmirleb_16301.mp4
95,2026-05-14,Strike on military tanker near bint jbeil,Bint Jbeil,33.12122222,35.43349722,mapped,https://d2fioemadmrru3.cloudfront.net/thumbnails/2026-05-14_strike_on_military_tanker_near_bint_jbeil.jpg,https://d2fioemadmrru3.cloudfront.net/videos/2026-05-14_strike_on_military_tanker_near_bint_jbeil.mp4
96,2026-05-14,merkava tank bint jbeil,Bint Jbeil,33.12122222,35.43349722,mapped,https://d2fioemadmrru3.cloudfront.net/thumbnails/2026-05-14_merkava_tank_bint_jbeil_mmirleb_16493.jpg,https://d2fioemadmrru3.cloudfront.net/videos/2026-05-14_merkava_tank_bint_jbeil_mmirleb_16493.mp4
97,2026-05-14,Merkava tank taybeh,Taybeh,33.27614167,35.52115278,mapped,https://d2fioemadmrru3.cloudfront.net/thumbnails/2026-05-14_merkava_tank_aytaroun.jpg,https://d2fioemadmrru3.cloudfront.net/videos/2026-05-14_merkava_tank_aytaroun.mp4
98,2026-05-14,wireless communications system blat,Jabal Blat,33.1145337,35.2905355,mapped,https://d2fioemadmrru3.cloudfront.net/thumbnails/2026-05-14_wireless_communications_system_blat_mmirleb_16285.jpg,https://d2fioemadmrru3.cloudfront.net/videos/2026-05-14_wireless_communications_system_blat_mmirleb_16285.mp4
99,2026-05-14,soldiers gathering naqoura ras naqoura,Naqoura,33.118975,35.14008333,mapped,https://d2fioemadmrru3.cloudfront.net/thumbnails/2026-05-14_soldiers_gathering_naqoura_ras_naqoura_mmirleb_16294.jpg,https://d2fioemadmrru3.cloudfront.net/videos/2026-05-14_soldiers_gathering_naqoura_ras_naqoura_mmirleb_16294.mp4
100,2026-05-14,namer vehicle rashaf,Rachaf / Rashaf,33.14407222,35.36260833,mapped,https://d2fioemadmrru3.cloudfront.net/thumbnails/2026-05-14_namer_vehicle_rashaf_mmirleb_16312.jpg,https://d2fioemadmrru3.cloudfront.net/videos/2026-05-14_namer_vehicle_rashaf_mmirleb_16312.mp4
101,2026-05-14,humvee tayr harfa,Tayr Harfa,33.126925,35.21875556,mapped,https://d2fioemadmrru3.cloudfront.net/thumbnails/2026-05-14_humvee_tayr_harfa_mmirleb_16337.jpg,https://d2fioemadmrru3.cloudfront.net/videos/2026-05-14_humvee_tayr_harfa_mmirleb_16337.mp4
102,2026-05-13,Strike on merkava tank near aita al shaab,Ayta ash Shab / Aita al-Shaab,33.09846111,35.33781389,mapped,https://d2fioemadmrru3.cloudfront.net/thumbnails/2026-05-13_strike_on_merkava_tank_near_aita_al_shaab.jpg,https://d2fioemadmrru3.cloudfront.net/videos/2026-05-13_strike_on_merkava_tank_near_aita_al_shaab.mp4
103,2026-05-13,Strike on armored personnel carrier,Bint Jbeil,33.12122222,35.43349722,mapped,https://d2fioemadmrru3.cloudfront.net/thumbnails/2026-05-13_strike_on_armored_personnel_carrier.jpg,https://d2fioemadmrru3.cloudfront.net/videos/2026-05-13_strike_on_armored_personnel_carrier.mp4
104,2026-05-12,Strike on soldiers and vehicles,Margaliot,33.216474,35.544354,mapped,https://d2fioemadmrru3.cloudfront.net/thumbnails/2026-05-12_strike_on_soldiers_and_vehicles.jpg,https://d2fioemadmrru3.cloudfront.net/videos/2026-05-12_strike_on_soldiers_and_vehicles.mp4
105,2026-05-12,Strike on namer apc near houla,Houla,33.20943611,35.515425,mapped,https://d2fioemadmrru3.cloudfront.net/thumbnails/2026-05-12_strike_on_namer_apc_near_houla.jpg,https://d2fioemadmrru3.cloudfront.net/videos/2026-05-12_strike_on_namer_apc_near_houla.mp4
106,2026-05-12,Strike on humvee,Naqoura,33.118975,35.14008333,mapped,https://d2fioemadmrru3.cloudfront.net/thumbnails/2026-05-12_strike_on_humvee.jpg,https://d2fioemadmrru3.cloudfront.net/videos/2026-05-12_strike_on_humvee.mp4
107,2026-05-12,Strike on engineering vehicle near tayr harfa,Tayr Harfa,33.126925,35.21875556,mapped,https://d2fioemadmrru3.cloudfront.net/thumbnails/2026-05-12_strike_on_engineering_vehicle_near_tayr_harfa.jpg,https://d2fioemadmrru3.cloudfront.net/videos/2026-05-12_strike_on_engineering_vehicle_near_tayr_harfa.mp4
108,2026-05-12,merkava tank manara khirbet al manara,Manara,33.19809722,35.54392778,mapped,https://d2fioemadmrru3.cloudfront.net/thumbnails/2026-05-12_merkava_tank_manara_khirbet_al_manara_mmirleb_16106.jpg,https://d2fioemadmrru3.cloudfront.net/videos/2026-05-12_merkava_tank_manara_khirbet_al_manara_mmirleb_16106.mp4
109,2026-05-12,soldier manara khirbet al manara,Manara,33.19809722,35.54392778,mapped,https://d2fioemadmrru3.cloudfront.net/thumbnails/2026-05-12_soldier_manara_khirbet_al_manara_mmirleb_16118.jpg,https://d2fioemadmrru3.cloudfront.net/videos/2026-05-12_soldier_manara_khirbet_al_manara_mmirleb_16118.mp4
110,2026-05-12,humvee naqoura naqoura iskandarounah road,Naqoura,33.118975,35.14008333,mapped,https://d2fioemadmrru3.cloudfront.net/thumbnails/2026-05-12_humvee_naqoura_naqoura_iskandarounah_road_mmirleb_16261.jpg,https://d2fioemadmrru3.cloudfront.net/videos/2026-05-12_humvee_naqoura_naqoura_iskandarounah_road_mmirleb_16261.mp4
111,2026-05-11,Strike on soldier near dhayra,Dhayra,33.10703056,35.21939444,mapped,https://d2fioemadmrru3.cloudfront.net/thumbnails/2026-05-11_strike_on_soldier_near_dhayra.jpg,https://d2fioemadmrru3.cloudfront.net/videos/2026-05-11_strike_on_soldier_near_dhayra.mp4
112,2026-05-11,Strike on logistics vehicle near tayr harfa,Tayr Harfa,33.126925,35.21875556,mapped,https://d2fioemadmrru3.cloudfront.net/thumbnails/2026-05-11_strike_on_logistics_vehicle_near_tayr_harfa.jpg,https://d2fioemadmrru3.cloudfront.net/videos/2026-05-11_strike_on_logistics_vehicle_near_tayr_harfa.mp4
113,2026-05-11,Strike on engineering vehicle near khiam,Khiam,33.32690833,35.61120556,mapped,https://d2fioemadmrru3.cloudfront.net/thumbnails/2026-05-11_strike_on_engineering_vehicle_near_khiam.jpg,https://d2fioemadmrru3.cloudfront.net/videos/2026-05-11_strike_on_engineering_vehicle_near_khiam.mp4
114,2026-05-11,Strike on d9 engineering vehicle near naqoura,Naqoura,33.118975,35.14008333,mapped,https://d2fioemadmrru3.cloudfront.net/thumbnails/2026-05-11_strike_on_d9_engineering_vehicle_near_naqoura.jpg,https://d2fioemadmrru3.cloudfront.net/videos/2026-05-11_strike_on_d9_engineering_vehicle_near_naqoura.mp4
115,2026-05-10,Merkava tank bayyadah,Al Bayada / Bayyadah,33.16242222,35.18071389,mapped,https://d2fioemadmrru3.cloudfront.net/thumbnails/2026-05-10_strike_on_merkava_tank.jpg,https://d2fioemadmrru3.cloudfront.net/videos/2026-05-10_strike_on_merkava_tank.mp4
116,2026-05-10,Strike on d9 engineering vehicle near deir siryan,Deir Seryan / Khallet al-Raj,33.291775,35.50118611,mapped,https://d2fioemadmrru3.cloudfront.net/thumbnails/2026-05-10_strike_on_d9_engineering_vehicle_near_deir_siryan.jpg,https://d2fioemadmrru3.cloudfront.net/videos/2026-05-10_strike_on_d9_engineering_vehicle_near_deir_siryan.mp4
117,2026-05-10,Strike on bulldozer near ramiya,Rmaych,33.07546111,35.36408889,mapped,https://d2fioemadmrru3.cloudfront.net/thumbnails/2026-05-10_strike_on_bulldozer_near_ramiya.jpg,https://d2fioemadmrru3.cloudfront.net/videos/2026-05-10_strike_on_bulldozer_near_ramiya.mp4
118,2026-05-10,headquarters bayyadah,Al Bayada / Bayyadah,33.16242222,35.18071389,mapped,https://d2fioemadmrru3.cloudfront.net/thumbnails/2026-05-10_headquarters_bayyadah_mmirleb_16035.jpg,https://d2fioemadmrru3.cloudfront.net/videos/2026-05-10_headquarters_bayyadah_mmirleb_16035.mp4
119,2026-05-10,soldiers position house tayr harfa,Tayr Harfa,33.126925,35.21875556,mapped,https://d2fioemadmrru3.cloudfront.net/thumbnails/2026-05-10_soldiers_position_house_tayr_harfa_mmirleb_16056.jpg,https://d2fioemadmrru3.cloudfront.net/videos/2026-05-10_soldiers_position_house_tayr_harfa_mmirleb_16056.mp4
120,2026-05-09,Strike on soldiers near shlomi,Shlomi,33.07429444,35.14379167,mapped,https://d2fioemadmrru3.cloudfront.net/thumbnails/2026-05-09_strike_on_soldiers_near_shlomi.jpg,https://d2fioemadmrru3.cloudfront.net/videos/2026-05-09_strike_on_soldiers_near_shlomi.mp4
121,2026-05-09,Strike on soldiers near deir mimas,Deir Mimas,33.30303333,35.54612778,mapped,https://d2fioemadmrru3.cloudfront.net/thumbnails/2026-05-09_strike_on_soldiers_near_deir_mimas.jpg,https://d2fioemadmrru3.cloudfront.net/videos/2026-05-09_strike_on_soldiers_near_deir_mimas.mp4
122,2026-05-09,Strike on soldiers,Al Bayada / Bayyadah,33.16242222,35.18071389,mapped,https://d2fioemadmrru3.cloudfront.net/thumbnails/2026-05-09_strike_on_soldiers.jpg,https://d2fioemadmrru3.cloudfront.net/videos/2026-05-09_strike_on_soldiers.mp4
123,2026-05-09,Strike on israeli military vehicle,Deir Seryan / Khallet al-Raj,33.291775,35.50118611,mapped,https://d2fioemadmrru3.cloudfront.net/thumbnails/2026-05-09_strike_on_israeli_military_vehicle.jpg,https://d2fioemadmrru3.cloudfront.net/videos/2026-05-09_strike_on_israeli_military_vehicle.mp4
124,2026-05-09,soldiers gathering shlomi,Shlomi,33.07429444,35.14379167,mapped,https://d2fioemadmrru3.cloudfront.net/thumbnails/2026-05-09_soldiers_gathering_shlomi_mmirleb_15970.jpg,https://d2fioemadmrru3.cloudfront.net/videos/2026-05-09_soldiers_gathering_shlomi_mmirleb_15970.mp4
125,2026-05-09,soldiers gathering jal al alam,Border Israel opposite Alma al-Shaab,33.09506944,35.1746,mapped,https://d2fioemadmrru3.cloudfront.net/thumbnails/2026-05-09_soldiers_gathering_jal_al_alam_mmirleb_15988.jpg,https://d2fioemadmrru3.cloudfront.net/videos/2026-05-09_soldiers_gathering_jal_al_alam_mmirleb_15988.mp4
126,2026-05-09,tent deir siryan khallet al raj,Deir Seryan / Khallet al-Raj,33.291775,35.50118611,mapped,https://d2fioemadmrru3.cloudfront.net/thumbnails/2026-05-09_tent_deir_siryan_khallet_al_raj_mmirleb_16065.jpg,https://d2fioemadmrru3.cloudfront.net/videos/2026-05-09_tent_deir_siryan_khallet_al_raj_mmirleb_16065.mp4
127,2026-05-09,humvee bayyadah,Al Bayada / Bayyadah,33.16242222,35.18071389,mapped,https://d2fioemadmrru3.cloudfront.net/thumbnails/2026-05-09_humvee_bayyadah_mmirleb_16093.jpg,https://d2fioemadmrru3.cloudfront.net/videos/2026-05-09_humvee_bayyadah_mmirleb_16093.mp4
128,2026-05-09,soldiers deir siryan,Deir Seryan / Khallet al-Raj,33.291775,35.50118611,mapped,https://d2fioemadmrru3.cloudfront.net/thumbnails/2026-05-09_soldiers_deir_siryan_mmirleb_16168.jpg,https://d2fioemadmrru3.cloudfront.net/videos/2026-05-09_soldiers_deir_siryan_mmirleb_16168.mp4
129,2026-05-09,target deir siryan khallet al raj,Deir Seryan / Khallet al-Raj,33.291775,35.50118611,mapped,https://d2fioemadmrru3.cloudfront.net/thumbnails/2026-05-09_target_deir_siryan_khallet_al_raj_mmirleb_16249.jpg,https://d2fioemadmrru3.cloudfront.net/videos/2026-05-09_target_deir_siryan_khallet_al_raj_mmirleb_16249.mp4
130,2026-05-08,Strike on merkava tank near namr al jamal,Border Israel opposite Alma al-Shaab,33.09506944,35.1746,mapped,https://d2fioemadmrru3.cloudfront.net/thumbnails/2026-05-08_strike_on_merkava_tank_near_namr_al_jamal.jpg,https://d2fioemadmrru3.cloudfront.net/videos/2026-05-08_strike_on_merkava_tank_near_namr_al_jamal.mp4
131,2026-05-08,merkava tank bayyadah,Al Bayada / Bayyadah,33.16242222,35.18071389,mapped,https://d2fioemadmrru3.cloudfront.net/thumbnails/2026-05-08_merkava_tank_bayyadah_mmirleb_16051.jpg,https://d2fioemadmrru3.cloudfront.net/videos/2026-05-08_merkava_tank_bayyadah_mmirleb_16051.mp4
132,2026-05-08,Strike on merkava tank,Al Bayada / Bayyadah,33.16242222,35.18071389,mapped,https://d2fioemadmrru3.cloudfront.net/thumbnails/2026-05-08_strike_on_merkava_tank.jpg,https://d2fioemadmrru3.cloudfront.net/videos/2026-05-08_strike_on_merkava_tank.mp4
133,2026-05-08,Strike on humvee in naqoura,Naqoura,33.118975,35.14008333,mapped,https://d2fioemadmrru3.cloudfront.net/thumbnails/2026-05-08_strike_on_humvee_in_naqoura.jpg,https://d2fioemadmrru3.cloudfront.net/videos/2026-05-08_strike_on_humvee_in_naqoura.mp4
134,2026-05-08,Resistance strikes enemy forces kfar kila,Kafr Kela,33.2772,35.55606111,mapped,https://d2fioemadmrru3.cloudfront.net/thumbnails/2026-05-08_resistance_strikes_enemy_forces_kfar_kila.jpg,https://d2fioemadmrru3.cloudfront.net/videos/2026-05-08_resistance_strikes_enemy_forces_kfar_kila.mp4
135,2026-05-08,humvee bayyadah,Al Bayada / Bayyadah,33.16242222,35.18071389,mapped,https://d2fioemadmrru3.cloudfront.net/thumbnails/2026-05-08_humvee_bayyadah_mmirleb_16048.jpg,https://d2fioemadmrru3.cloudfront.net/videos/2026-05-08_humvee_bayyadah_mmirleb_16048.mp4
136,2026-05-07,Strike on iron dome launcher at jal al alam,Border Israel opposite Alma al-Shaab,33.09506944,35.1746,mapped,https://d2fioemadmrru3.cloudfront.net/thumbnails/2026-05-07_strike_on_iron_dome_launcher_at_jal_al_alam.jpg,https://d2fioemadmrru3.cloudfront.net/videos/2026-05-07_strike_on_iron_dome_launcher_at_jal_al_alam.mp4
137,2026-05-06,Strike on soldier group,Al Bayada / Bayyadah,33.16242222,35.18071389,mapped,https://d2fioemadmrru3.cloudfront.net/thumbnails/2026-05-06_strike_on_soldier_group.jpg,https://d2fioemadmrru3.cloudfront.net/videos/2026-05-06_strike_on_soldier_group.mp4
138,2026-05-06,Strike on namer apc near qouzah,Qouzah,33.12077222,35.34090833,mapped,https://d2fioemadmrru3.cloudfront.net/thumbnails/2026-05-06_strike_on_namer_apc_near_qouzah.jpg,https://d2fioemadmrru3.cloudfront.net/videos/2026-05-06_strike_on_namer_apc_near_qouzah.mp4
139,2026-05-06,Strike on namer apc near deir siryan,Deir Seryan / Khallet al-Raj,33.291775,35.50118611,mapped,https://d2fioemadmrru3.cloudfront.net/thumbnails/2026-05-06_strike_on_namer_apc_near_deir_siryan.jpg,https://d2fioemadmrru3.cloudfront.net/videos/2026-05-06_strike_on_namer_apc_near_deir_siryan.mp4
140,2026-05-06,Strike on namer apc in bint jbeil,Bint Jbeil,33.12122222,35.43349722,mapped,https://d2fioemadmrru3.cloudfront.net/thumbnails/2026-05-06_strike_on_namer_apc_in_bint_jbeil.jpg,https://d2fioemadmrru3.cloudfront.net/videos/2026-05-06_strike_on_namer_apc_in_bint_jbeil.mp4
141,2026-05-06,Strike on enemy position,Taybeh,33.27614167,35.52115278,mapped,https://d2fioemadmrru3.cloudfront.net/thumbnails/2026-05-06_strike_on_enemy_position.jpg,https://d2fioemadmrru3.cloudfront.net/videos/2026-05-06_strike_on_enemy_position.mp4
142,2026-05-06,soldiers gathering aita al shaab,Ayta ash Shab / Aita al-Shaab,33.09846111,35.33781389,mapped,https://d2fioemadmrru3.cloudfront.net/thumbnails/2026-05-06_soldiers_gathering_aita_al_shaab_mmirleb_15841.jpg,https://d2fioemadmrru3.cloudfront.net/videos/2026-05-06_soldiers_gathering_aita_al_shaab_mmirleb_15841.mp4
143,2026-05-06,position point taybeh,Taybeh,33.27614167,35.52115278,mapped,https://d2fioemadmrru3.cloudfront.net/thumbnails/2026-05-06_position_point_taybeh_mmirleb_16210.jpg,https://d2fioemadmrru3.cloudfront.net/videos/2026-05-06_position_point_taybeh_mmirleb_16210.mp4
144,2026-05-06,d9 engineering vehicle houla,Houla,33.20943611,35.515425,mapped,https://d2fioemadmrru3.cloudfront.net/thumbnails/2026-05-06_d9_engineering_vehicle_houla_mmirleb_16347.jpg,https://d2fioemadmrru3.cloudfront.net/videos/2026-05-06_d9_engineering_vehicle_houla_mmirleb_16347.mp4
145,2026-05-05,Strike on merkava tank,Qouzah,33.12077222,35.34090833,mapped,https://d2fioemadmrru3.cloudfront.net/thumbnails/2026-05-05_strike_on_merkava_tank.jpg,https://d2fioemadmrru3.cloudfront.net/videos/2026-05-05_strike_on_merkava_tank.mp4
146,2026-05-04,Strike on troop transport vehicle,Unknown (Israel),,,unmapped,https://d2fioemadmrru3.cloudfront.net/thumbnails/2026-05-04_strike_on_troop_transport_vehicle.jpg,https://d2fioemadmrru3.cloudfront.net/videos/2026-05-04_strike_on_troop_transport_vehicle.mp4
147,2026-05-04,Strike on engineering vehicle,Manara,33.19809722,35.54392778,mapped,https://d2fioemadmrru3.cloudfront.net/thumbnails/2026-05-04_strike_on_engineering_vehicle.jpg,https://d2fioemadmrru3.cloudfront.net/videos/2026-05-04_strike_on_engineering_vehicle.mp4
148,2026-05-04,hemtt logistics vehicle manara,Manara,33.19809722,35.54392778,mapped,https://d2fioemadmrru3.cloudfront.net/thumbnails/2026-05-04_hemtt_logistics_vehicle_manara_mmirleb_16528.jpg,https://d2fioemadmrru3.cloudfront.net/videos/2026-05-04_hemtt_logistics_vehicle_manara_mmirleb_16528.mp4
149,2026-05-03,Strike on surveillance camera,Al Bayada / Bayyadah,33.16242222,35.18071389,mapped,https://d2fioemadmrru3.cloudfront.net/thumbnails/2026-05-03_strike_on_surveillance_camera.jpg,https://d2fioemadmrru3.cloudfront.net/videos/2026-05-03_strike_on_surveillance_camera.mp4
151,2026-05-03,company commander tank bayyadah,Al Bayada / Bayyadah,33.16242222,35.18071389,mapped,https://d2fioemadmrru3.cloudfront.net/thumbnails/2026-05-03_company_commander_tank_bayyadah_mmirleb_16007.jpg,https://d2fioemadmrru3.cloudfront.net/videos/2026-05-03_company_commander_tank_bayyadah_mmirleb_16007.mp4
152,2026-05-02,Strike on namer apc in bint jbeil,Bint Jbeil,33.12122222,35.43349722,mapped,https://d2fioemadmrru3.cloudfront.net/thumbnails/2026-05-02_strike_on_namer_apc_in_bint_jbeil.jpg,https://d2fioemadmrru3.cloudfront.net/videos/2026-05-02_strike_on_namer_apc_in_bint_jbeil.mp4
153,2026-05-02,Strike on drone control system,Al Bayada / Bayyadah,33.16242222,35.18071389,mapped,https://d2fioemadmrru3.cloudfront.net/thumbnails/2026-05-02_strike_on_drone_control_system.jpg,https://d2fioemadmrru3.cloudfront.net/videos/2026-05-02_strike_on_drone_control_system.mp4
155,2026-05-01,Strike on soldiers,Al Bayada / Bayyadah,33.16242222,35.18071389,mapped,https://d2fioemadmrru3.cloudfront.net/thumbnails/2026-05-01_strike_on_soldiers.jpg,https://d2fioemadmrru3.cloudfront.net/videos/2026-05-01_strike_on_soldiers.mp4
156,2026-05-01,Strike on humvee,Al Bayada / Bayyadah,33.16242222,35.18071389,mapped,https://d2fioemadmrru3.cloudfront.net/thumbnails/2026-05-01_strike_on_humvee.jpg,https://d2fioemadmrru3.cloudfront.net/videos/2026-05-01_strike_on_humvee.mp4
157,2026-05-01,namer vehicle bint jbeil,Bint Jbeil,33.12122222,35.43349722,mapped,https://d2fioemadmrru3.cloudfront.net/thumbnails/2026-05-01_namer_vehicle_bint_jbeil_mmirleb_15898.jpg,https://d2fioemadmrru3.cloudfront.net/videos/2026-05-01_namer_vehicle_bint_jbeil_mmirleb_15898.mp4
158,2026-05-01,merkava tank rashaf,Rachaf / Rashaf,33.14407222,35.36260833,mapped,https://d2fioemadmrru3.cloudfront.net/thumbnails/2026-05-01_merkava_tank_rashaf_mmirleb_15950.jpg,https://d2fioemadmrru3.cloudfront.net/videos/2026-05-01_merkava_tank_rashaf_mmirleb_15950.mp4
159,2026-04-30,Strike on humvee in naqoura,Naqoura,33.118975,35.14008333,mapped,https://d2fioemadmrru3.cloudfront.net/thumbnails/2026-04-30_strike_on_humvee_in_naqoura.jpg,https://d2fioemadmrru3.cloudfront.net/videos/2026-04-30_strike_on_humvee_in_naqoura.mp4
160,2026-04-29,Strike on merkava tank,Beit Lif,33.13361111,35.33277778,mapped,https://d2fioemadmrru3.cloudfront.net/thumbnails/2026-04-29_strike_on_merkava_tank.jpg,https://d2fioemadmrru3.cloudfront.net/videos/2026-04-29_strike_on_merkava_tank.mp4
161,2026-04-24,D9 engineering vehicle between taybeh and deir siryan,Taybeh,33.27614167,35.52115278,mapped,https://d2fioemadmrru3.cloudfront.net/thumbnails/2026-04-24_d9_engineering_vehicle_between_taybeh_and_deir_siryan.jpg,https://d2fioemadmrru3.cloudfront.net/videos/2026-04-24_d9_engineering_vehicle_between_taybeh_and_deir_siryan.mp4
